comment_id,post_id,user_id,role,college_id,created_at
1,4,652,student,103,2025-11-30 16:58:49.628456
2,315,957,faculty,103,2025-12-26 16:58:49.628456
3,766,942,student,102,2025-11-02 16:58:49.628456
4,352,857,student,104,2025-12-11 16:58:49.628456
5,92,512,student,102,2025-11-23 16:58:49.628456
6,63,188,mentor,101,2025-11-28 16:58:49.628456
7,16,609,student,102,2025-12-24 16:58:49.628456
8,577,109,student,102,2025-12-21 16:58:49.628456
9,780,308,faculty,101,2025-12-31 16:58:49.628456
10,463,820,faculty,101,2025-12-29 16:58:49.628456
11,62,93,student,101,2025-12-01 16:58:49.628456
12,280,163,student,102,2026-01-26 16:58:49.628456
13,798,442,student,103,2025-12-11 16:58:49.628456
14,787,41,faculty,102,2025-12-08 16:58:49.628456
15,454,573,student,102,2025-12-03 16:58:49.628456
16,207,891,student,103,2025-12-03 16:58:49.628456
17,654,686,student,103,2025-12-02 16:58:49.628456
18,761,996,student,103,2025-11-15 16:58:49.628456
19,200,711,student,102,2025-12-25 16:58:49.628456
20,108,365,student,104,2025-11-19 16:58:49.628456
21,56,758,student,103,2025-12-22 16:58:49.628456
22,214,59,student,102,2025-11-15 16:58:49.628456
23,405,407,student,104,2026-01-28 16:58:49.628456
24,537,28,student,102,2025-12-14 16:58:49.628456
25,241,445,faculty,102,2026-01-10 16:58:49.628456
26,590,697,faculty,104,2025-11-10 16:58:49.628456
27,501,388,student,103,2025-11-19 16:58:49.628456
28,544,168,student,104,2026-01-19 16:58:49.628456
29,470,30,faculty,101,2025-11-29 16:58:49.628456
30,679,811,faculty,102,2026-01-03 16:58:49.628456
31,366,1000,student,103,2025-11-04 16:58:49.628456
32,499,729,student,101,2025-11-25 16:58:49.628456
33,768,969,student,101,2025-12-20 16:58:49.628456
34,479,422,faculty,104,2026-01-18 16:58:49.628456
35,417,576,student,102,2025-12-23 16:58:49.628456
36,221,680,faculty,102,2025-11-13 16:58:49.628456
37,465,252,student,104,2025-11-29 16:58:49.628456
38,659,643,student,103,2025-12-05 16:58:49.628456
39,128,822,mentor,103,2025-12-23 16:58:49.628456
40,383,969,student,101,2025-12-19 16:58:49.628456
41,98,35,student,103,2025-11-12 16:58:49.628456
42,582,809,student,102,2025-12-12 16:58:49.628456
43,698,758,student,102,2025-10-30 16:58:49.628456
44,495,134,student,101,2026-01-12 16:58:49.628456
45,549,24,faculty,101,2026-01-20 16:58:49.628456
46,536,122,student,102,2026-01-02 16:58:49.628456
47,29,860,student,102,2025-12-21 16:58:49.628456
48,166,783,student,103,2025-11-03 16:58:49.628456
49,63,348,student,104,2026-01-26 16:58:49.628456
50,213,364,student,102,2025-12-10 16:58:49.628456
51,510,902,student,102,2026-01-04 16:58:49.628456
52,769,904,student,101,2025-11-13 16:58:49.628456
53,121,315,student,104,2025-12-06 16:58:49.628456
54,218,241,faculty,104,2026-01-22 16:58:49.628456
55,489,164,student,103,2025-12-19 16:58:49.628456
56,583,551,student,104,2026-01-23 16:58:49.628456
57,762,415,faculty,103,2025-12-04 16:58:49.628456
58,781,614,student,102,2026-01-03 16:58:49.628456
59,534,456,faculty,103,2025-12-21 16:58:49.628456
60,125,815,student,104,2025-12-17 16:58:49.628456
61,155,574,mentor,104,2025-12-31 16:58:49.628456
62,785,362,student,101,2025-12-23 16:58:49.628456
63,710,288,student,104,2025-12-15 16:58:49.628456
64,42,5,faculty,101,2026-01-15 16:58:49.628456
65,491,170,mentor,103,2026-01-15 16:58:49.628456
66,732,70,student,104,2025-11-15 16:58:49.628456
67,586,288,mentor,104,2026-01-03 16:58:49.628456
68,353,270,student,104,2025-11-29 16:58:49.628456
69,667,818,student,101,2025-11-18 16:58:49.628456
70,267,335,student,102,2025-12-05 16:58:49.628456
71,282,117,student,101,2025-11-04 16:58:49.628456
72,488,145,student,102,2026-01-26 16:58:49.628456
73,351,719,student,103,2025-12-06 16:58:49.628456
74,29,589,student,101,2025-11-20 16:58:49.628456
75,724,918,student,104,2025-11-22 16:58:49.628456
76,692,403,student,101,2025-11-01 16:58:49.628456
77,220,635,student,101,2025-12-23 16:58:49.628456
78,430,105,student,103,2025-11-10 16:58:49.628456
79,754,938,faculty,102,2025-10-31 16:58:49.628456
80,62,896,student,101,2026-01-19 16:58:49.628456
81,337,220,faculty,102,2025-12-25 16:58:49.628456
82,239,184,student,103,2026-01-17 16:58:49.628456
83,83,82,student,101,2026-01-04 16:58:49.628456
84,719,390,student,102,2026-01-08 16:58:49.628456
85,471,312,mentor,102,2025-12-22 16:58:49.628456
86,329,28,mentor,102,2026-01-01 16:58:49.628456
87,253,84,faculty,104,2026-01-16 16:58:49.628456
88,170,241,faculty,103,2026-01-05 16:58:49.628456
89,521,518,student,103,2025-12-02 16:58:49.628456
90,481,333,student,102,2025-11-09 16:58:49.628456
91,437,889,student,101,2025-12-05 16:58:49.628456
92,665,830,mentor,102,2026-01-02 16:58:49.628456
93,328,79,mentor,103,2025-11-03 16:58:49.628456
94,379,644,student,103,2025-11-08 16:58:49.628456
95,487,119,faculty,104,2025-11-03 16:58:49.628456
96,8,460,student,101,2025-11-06 16:58:49.628456
97,682,114,student,104,2026-01-18 16:58:49.628456
98,512,97,mentor,102,2025-12-22 16:58:49.628456
99,248,933,faculty,103,2025-10-31 16:58:49.628456
100,747,863,student,101,2026-01-21 16:58:49.628456
101,452,532,faculty,102,2026-01-23 16:58:49.628456
102,619,326,student,103,2025-12-20 16:58:49.628456
103,401,888,student,103,2026-01-12 16:58:49.628456
104,743,664,student,103,2025-11-13 16:58:49.628456
105,727,449,student,102,2025-10-30 16:58:49.628456
106,295,332,student,104,2026-01-26 16:58:49.628456
107,190,949,student,102,2026-01-26 16:58:49.628456
108,747,139,mentor,104,2025-11-21 16:58:49.628456
109,749,349,faculty,101,2026-01-14 16:58:49.628456
110,693,105,student,101,2026-01-14 16:58:49.628456
111,425,664,student,104,2026-01-11 16:58:49.628456
112,355,198,faculty,102,2025-11-09 16:58:49.628456
113,232,517,student,103,2026-01-26 16:58:49.628456
114,680,312,student,104,2025-12-03 16:58:49.628456
115,186,371,student,102,2025-12-30 16:58:49.628456
116,471,442,student,102,2026-01-21 16:58:49.628456
117,799,350,student,101,2025-11-14 16:58:49.628456
118,511,597,student,102,2026-01-18 16:58:49.628456
119,650,19,student,102,2026-01-24 16:58:49.628456
120,261,910,faculty,104,2026-01-13 16:58:49.628456
121,659,702,student,104,2025-12-22 16:58:49.628456
122,240,427,student,102,2025-12-17 16:58:49.628456
123,305,905,student,101,2025-11-23 16:58:49.628456
124,492,266,student,103,2026-01-23 16:58:49.628456
125,713,890,student,104,2025-11-11 16:58:49.628456
126,200,775,faculty,103,2026-01-19 16:58:49.628456
127,287,214,faculty,104,2025-11-18 16:58:49.628456
128,467,29,student,101,2025-12-19 16:58:49.628456
129,574,26,student,101,2025-12-15 16:58:49.628456
130,695,787,mentor,102,2026-01-28 16:58:49.628456
131,641,67,student,103,2025-12-11 16:58:49.628456
132,122,96,student,103,2025-10-31 16:58:49.628456
133,115,289,student,103,2026-01-01 16:58:49.628456
134,599,787,student,102,2025-12-18 16:58:49.628456
135,561,648,student,101,2026-01-16 16:58:49.628456
136,68,337,student,103,2026-01-05 16:58:49.628456
137,638,588,student,102,2026-01-04 16:58:49.628456
138,4,455,student,101,2025-12-18 16:58:49.628456
139,584,21,student,101,2026-01-21 16:58:49.629454
140,412,179,student,101,2026-01-06 16:58:49.629454
141,55,354,student,101,2025-12-21 16:58:49.629454
142,301,270,student,101,2026-01-05 16:58:49.629454
143,421,993,student,103,2025-11-30 16:58:49.629454
144,193,86,student,104,2025-12-13 16:58:49.629454
145,548,564,student,101,2025-12-24 16:58:49.629454
146,108,420,student,101,2025-12-19 16:58:49.629454
147,170,908,mentor,104,2025-12-22 16:58:49.629454
148,309,332,student,102,2025-11-15 16:58:49.629454
149,400,39,student,103,2026-01-11 16:58:49.629454
150,578,947,student,102,2025-12-26 16:58:49.629454
151,626,347,faculty,102,2025-11-23 16:58:49.629454
152,437,28,student,103,2025-12-14 16:58:49.629454
153,754,365,student,101,2025-12-28 16:58:49.629454
154,40,521,student,103,2025-11-10 16:58:49.629454
155,79,532,student,102,2025-12-04 16:58:49.629454
156,57,105,faculty,101,2025-11-05 16:58:49.629454
157,585,128,student,102,2025-11-16 16:58:49.629454
158,500,124,student,102,2025-11-15 16:58:49.629454
159,382,55,student,103,2025-12-10 16:58:49.629454
160,714,606,student,103,2025-11-23 16:58:49.629454
161,101,344,student,104,2025-11-02 16:58:49.629454
162,252,38,student,101,2026-01-25 16:58:49.629454
163,95,161,faculty,103,2026-01-23 16:58:49.629454
164,214,394,student,101,2025-12-25 16:58:49.629454
165,705,304,student,101,2026-01-10 16:58:49.629454
166,201,73,faculty,102,2026-01-01 16:58:49.629454
167,332,710,student,104,2026-01-21 16:58:49.629454
168,231,195,mentor,102,2025-11-30 16:58:49.629454
169,793,123,student,104,2025-11-11 16:58:49.629454
170,584,715,student,101,2025-12-03 16:58:49.629454
171,33,19,student,104,2025-11-17 16:58:49.629454
172,92,79,mentor,102,2025-12-25 16:58:49.629454
173,386,392,student,103,2025-12-03 16:58:49.629454
174,504,580,student,101,2025-11-02 16:58:49.629454
175,630,948,student,101,2026-01-14 16:58:49.629454
176,600,91,student,103,2025-12-18 16:58:49.629454
177,641,686,student,101,2026-01-18 16:58:49.629454
178,495,945,faculty,101,2026-01-04 16:58:49.629454
179,726,376,student,104,2025-11-01 16:58:49.629454
180,299,131,student,104,2025-12-23 16:58:49.629454
181,489,695,student,103,2025-11-10 16:58:49.629454
182,710,250,faculty,103,2026-01-17 16:58:49.629454
183,607,486,student,102,2026-01-05 16:58:49.629454
184,75,280,faculty,102,2025-11-21 16:58:49.629454
185,103,141,student,102,2026-01-01 16:58:49.629454
186,768,87,student,102,2025-11-20 16:58:49.629454
187,643,101,faculty,102,2025-11-12 16:58:49.629454
188,254,371,student,104,2025-12-06 16:58:49.629454
189,714,816,student,101,2026-01-25 16:58:49.629454
190,781,358,student,103,2025-11-21 16:58:49.629454
191,298,279,student,104,2025-12-06 16:58:49.629454
192,270,282,mentor,101,2025-12-29 16:58:49.629454
193,571,507,faculty,101,2025-11-19 16:58:49.629454
194,135,318,faculty,103,2026-01-03 16:58:49.629454
195,278,153,mentor,104,2025-11-22 16:58:49.629454
196,658,926,student,101,2025-12-28 16:58:49.629454
197,585,772,faculty,103,2025-12-28 16:58:49.629454
198,153,148,student,103,2026-01-28 16:58:49.629454
199,58,658,faculty,102,2025-12-28 16:58:49.629454
200,534,104,student,103,2026-01-17 16:58:49.629454
201,622,262,student,102,2025-12-21 16:58:49.629454
202,285,341,student,102,2025-12-26 16:58:49.629454
203,373,159,student,102,2026-01-24 16:58:49.629454
204,542,514,student,103,2026-01-04 16:58:49.629454
205,470,792,student,103,2025-12-17 16:58:49.629454
206,289,198,student,104,2025-12-17 16:58:49.629454
207,311,300,faculty,101,2025-12-16 16:58:49.629454
208,60,626,student,103,2025-12-06 16:58:49.629454
209,500,233,student,104,2025-11-20 16:58:49.629454
210,636,575,student,101,2026-01-24 16:58:49.629454
211,283,858,student,104,2025-11-15 16:58:49.629454
212,418,312,student,101,2025-11-04 16:58:49.629454
213,683,100,student,101,2025-12-15 16:58:49.629454
214,217,209,student,102,2025-11-30 16:58:49.629454
215,123,793,faculty,103,2025-12-03 16:58:49.629454
216,259,378,student,101,2025-12-12 16:58:49.629454
217,795,289,student,103,2026-01-21 16:58:49.629454
218,321,468,faculty,101,2025-12-26 16:58:49.629454
219,481,800,student,104,2026-01-17 16:58:49.629454
220,285,797,faculty,102,2025-11-15 16:58:49.629454
221,643,621,student,103,2025-11-24 16:58:49.629454
222,409,663,student,104,2025-12-21 16:58:49.629454
223,753,987,faculty,104,2025-11-24 16:58:49.629454
224,344,612,student,104,2025-11-15 16:58:49.629454
225,792,637,student,101,2026-01-21 16:58:49.629454
226,775,18,student,103,2025-12-14 16:58:49.629454
227,676,271,student,101,2025-11-18 16:58:49.629454
228,274,192,student,101,2025-12-17 16:58:49.629454
229,713,190,faculty,103,2025-10-31 16:58:49.629454
230,188,108,student,102,2026-01-25 16:58:49.629454
231,542,122,student,103,2025-11-04 16:58:49.629454
232,10,961,student,104,2025-11-04 16:58:49.629454
233,650,669,faculty,101,2025-12-04 16:58:49.629454
234,618,448,faculty,104,2026-01-28 16:58:49.629454
235,728,452,student,101,2025-11-15 16:58:49.629454
236,151,102,student,102,2025-12-25 16:58:49.629454
237,536,773,student,102,2026-01-21 16:58:49.629454
238,89,821,student,101,2026-01-02 16:58:49.629454
239,503,44,faculty,104,2025-12-05 16:58:49.629454
240,265,265,student,103,2026-01-11 16:58:49.629454
241,253,567,student,104,2025-11-10 16:58:49.629454
242,770,560,student,102,2025-12-28 16:58:49.629454
243,125,116,student,104,2025-12-30 16:58:49.629454
244,13,150,student,102,2025-11-22 16:58:49.629454
245,62,983,student,102,2025-11-08 16:58:49.629454
246,3,770,student,104,2025-12-29 16:58:49.629454
247,628,697,student,101,2026-01-07 16:58:49.629454
248,765,696,student,103,2026-01-24 16:58:49.629454
249,330,740,student,102,2026-01-13 16:58:49.629454
250,378,526,student,102,2025-12-03 16:58:49.629454
251,508,406,student,103,2025-12-31 16:58:49.629454
252,693,232,student,101,2025-11-19 16:58:49.629454
253,405,326,student,103,2026-01-07 16:58:49.629454
254,133,524,student,103,2025-11-20 16:58:49.629454
255,449,640,faculty,104,2026-01-02 16:58:49.629454
256,379,479,student,102,2026-01-03 16:58:49.629454
257,568,136,faculty,102,2025-11-21 16:58:49.629454
258,231,799,student,102,2025-11-02 16:58:49.629454
259,20,92,student,101,2025-12-13 16:58:49.629454
260,156,677,mentor,104,2026-01-20 16:58:49.629454
261,722,579,student,103,2025-11-26 16:58:49.629454
262,765,126,student,101,2026-01-11 16:58:49.629454
263,84,575,faculty,101,2025-11-02 16:58:49.629454
264,23,876,student,103,2026-01-21 16:58:49.629454
265,21,154,faculty,103,2025-11-05 16:58:49.629454
266,668,85,mentor,102,2025-11-01 16:58:49.629454
267,216,501,faculty,101,2026-01-08 16:58:49.629454
268,560,609,student,101,2025-12-23 16:58:49.629454
269,198,714,mentor,101,2026-01-01 16:58:49.629454
270,160,384,mentor,101,2026-01-26 16:58:49.629454
271,404,864,student,102,2025-12-14 16:58:49.629454
272,490,625,student,101,2025-11-25 16:58:49.629454
273,584,216,student,104,2026-01-09 16:58:49.629454
274,214,802,faculty,104,2026-01-11 16:58:49.629454
275,337,168,student,102,2025-11-01 16:58:49.629454
276,47,402,mentor,102,2025-12-17 16:58:49.629454
277,672,326,student,104,2026-01-17 16:58:49.629454
278,755,781,student,101,2025-12-11 16:58:49.629454
279,459,950,student,102,2025-11-20 16:58:49.629454
280,208,892,student,102,2025-11-30 16:58:49.629454
281,459,458,faculty,104,2025-11-08 16:58:49.629454
282,197,75,student,104,2026-01-03 16:58:49.629454
283,589,238,faculty,104,2025-10-30 16:58:49.629454
284,133,730,mentor,101,2026-01-05 16:58:49.629454
285,21,292,faculty,102,2025-11-03 16:58:49.629454
286,251,533,student,102,2026-01-26 16:58:49.629454
287,468,277,mentor,102,2025-11-20 16:58:49.629454
288,201,653,faculty,101,2026-01-09 16:58:49.629454
289,424,782,faculty,103,2025-11-10 16:58:49.629454
290,537,777,student,102,2025-12-04 16:58:49.629454
291,100,193,student,104,2025-11-22 16:58:49.629454
292,110,742,student,104,2025-12-27 16:58:49.629454
293,25,930,faculty,104,2025-11-23 16:58:49.629454
294,553,179,mentor,103,2025-11-26 16:58:49.629454
295,428,890,faculty,103,2025-11-27 16:58:49.629454
296,650,286,student,104,2026-01-10 16:58:49.629454
297,168,126,student,101,2025-12-22 16:58:49.629454
298,238,437,student,101,2025-11-17 16:58:49.629454
299,564,618,student,101,2026-01-08 16:58:49.629454
300,316,667,student,104,2025-12-10 16:58:49.629454
301,170,718,mentor,102,2026-01-06 16:58:49.629454
302,67,849,mentor,102,2025-11-27 16:58:49.629454
303,243,620,student,104,2026-01-12 16:58:49.629454
304,728,483,student,103,2026-01-13 16:58:49.629454
305,682,511,student,104,2026-01-22 16:58:49.629454
306,66,402,faculty,102,2025-11-01 16:58:49.629454
307,630,340,mentor,103,2026-01-18 16:58:49.629454
308,29,895,student,104,2026-01-04 16:58:49.629454
309,42,431,faculty,104,2025-11-09 16:58:49.629454
310,543,88,faculty,104,2025-12-14 16:58:49.629454
311,149,886,student,104,2025-11-08 16:58:49.629454
312,689,202,student,104,2026-01-20 16:58:49.629454
313,116,583,student,102,2025-11-09 16:58:49.629454
314,750,667,faculty,103,2025-11-18 16:58:49.629454
315,738,16,student,102,2025-12-15 16:58:49.629454
316,344,205,faculty,102,2026-01-15 16:58:49.629454
317,189,60,faculty,103,2025-11-17 16:58:49.629454
318,393,354,student,102,2025-12-01 16:58:49.629454
319,221,427,student,102,2026-01-24 16:58:49.629454
320,648,699,student,102,2025-11-26 16:58:49.629454
321,644,879,faculty,101,2026-01-08 16:58:49.629454
322,177,278,student,104,2025-11-09 16:58:49.629454
323,298,777,student,101,2025-12-11 16:58:49.629454
324,470,752,faculty,103,2025-12-21 16:58:49.629454
325,33,713,mentor,101,2025-12-12 16:58:49.629454
326,45,928,student,104,2025-11-23 16:58:49.629454
327,111,276,student,102,2025-12-24 16:58:49.629454
328,800,76,student,103,2025-12-09 16:58:49.629454
329,144,423,student,101,2025-11-11 16:58:49.629454
330,509,255,faculty,103,2025-11-14 16:58:49.629454
331,407,336,faculty,102,2025-11-22 16:58:49.629454
332,193,823,student,103,2026-01-20 16:58:49.629454
333,42,367,student,104,2026-01-25 16:58:49.629454
334,197,150,faculty,102,2025-12-07 16:58:49.629454
335,324,151,student,104,2026-01-24 16:58:49.629454
336,398,915,student,104,2025-11-05 16:58:49.629454
337,269,365,mentor,101,2026-01-17 16:58:49.629454
338,421,649,mentor,103,2025-11-16 16:58:49.629454
339,625,143,faculty,102,2026-01-11 16:58:49.629454
340,256,562,faculty,104,2025-11-18 16:58:49.629454
341,522,307,student,104,2026-01-10 16:58:49.629454
342,72,726,student,101,2026-01-15 16:58:49.629454
343,98,448,mentor,101,2025-12-25 16:58:49.629454
344,722,737,student,104,2025-11-12 16:58:49.629454
345,442,359,faculty,102,2025-11-27 16:58:49.629454
346,478,537,student,104,2026-01-10 16:58:49.629454
347,256,820,student,104,2026-01-07 16:58:49.629454
348,622,909,student,104,2025-12-25 16:58:49.629454
349,282,154,mentor,101,2026-01-02 16:58:49.629454
350,655,473,student,104,2025-12-23 16:58:49.629454
351,182,605,student,103,2025-11-25 16:58:49.629454
352,24,403,student,101,2025-12-10 16:58:49.629454
353,420,810,student,103,2026-01-19 16:58:49.629454
354,33,212,student,102,2026-01-08 16:58:49.629454
355,357,201,student,103,2026-01-04 16:58:49.629454
356,370,33,student,101,2025-12-27 16:58:49.629454
357,505,957,faculty,103,2026-01-23 16:58:49.629454
358,600,50,student,101,2025-12-28 16:58:49.629454
359,492,595,student,104,2025-11-07 16:58:49.630450
360,276,510,student,102,2026-01-01 16:58:49.630450
361,139,988,student,104,2026-01-20 16:58:49.630450
362,748,59,student,101,2025-11-01 16:58:49.630450
363,5,477,student,104,2025-12-05 16:58:49.630450
364,47,517,student,104,2025-11-28 16:58:49.630450
365,66,59,student,101,2025-11-05 16:58:49.630450
366,418,800,student,101,2025-12-20 16:58:49.630450
367,782,767,student,102,2025-12-15 16:58:49.630450
368,254,603,student,101,2025-11-08 16:58:49.630450
369,410,725,student,103,2025-12-24 16:58:49.630450
370,195,852,student,102,2025-12-26 16:58:49.630450
371,139,188,faculty,102,2026-01-07 16:58:49.630450
372,29,265,faculty,103,2025-11-05 16:58:49.630450
373,176,594,mentor,103,2025-12-31 16:58:49.630450
374,255,845,student,103,2025-12-12 16:58:49.630450
375,555,869,student,101,2025-11-27 16:58:49.630450
376,438,938,student,104,2025-12-03 16:58:49.630450
377,342,576,student,102,2025-12-21 16:58:49.630450
378,756,275,student,104,2026-01-11 16:58:49.630450
379,48,771,student,101,2026-01-20 16:58:49.630450
380,306,130,student,104,2026-01-14 16:58:49.630450
381,606,700,faculty,101,2025-12-04 16:58:49.630450
382,191,291,student,102,2025-12-03 16:58:49.630450
383,520,677,student,103,2026-01-03 16:58:49.630450
384,342,638,student,101,2025-11-05 16:58:49.630450
385,773,432,mentor,104,2025-11-08 16:58:49.630450
386,276,786,student,104,2025-12-24 16:58:49.630450
387,731,722,faculty,104,2026-01-14 16:58:49.630450
388,346,245,student,103,2026-01-08 16:58:49.630450
389,165,255,faculty,102,2025-11-30 16:58:49.630450
390,574,155,student,104,2025-12-03 16:58:49.630450
391,748,282,student,103,2025-11-17 16:58:49.630450
392,633,701,student,102,2025-11-01 16:58:49.630450
393,36,415,student,103,2026-01-05 16:58:49.630450
394,194,503,student,104,2026-01-25 16:58:49.630450
395,190,880,faculty,103,2025-12-06 16:58:49.630450
396,34,785,student,103,2025-10-31 16:58:49.630450
397,459,323,student,101,2025-12-05 16:58:49.630450
398,570,351,faculty,102,2025-11-01 16:58:49.630450
399,231,878,student,102,2025-12-11 16:58:49.630450
400,541,347,student,101,2025-11-06 16:58:49.630450
401,624,513,student,101,2026-01-15 16:58:49.630450
402,27,810,faculty,102,2025-11-13 16:58:49.630450
403,117,973,faculty,101,2025-12-08 16:58:49.630450
404,439,499,mentor,104,2025-12-01 16:58:49.630450
405,730,379,student,104,2025-12-14 16:58:49.630450
406,707,604,student,102,2026-01-14 16:58:49.630450
407,575,776,student,103,2026-01-16 16:58:49.630450
408,666,661,student,103,2025-11-17 16:58:49.630450
409,84,584,student,102,2026-01-08 16:58:49.630450
410,613,232,student,103,2025-12-12 16:58:49.630450
411,238,870,student,102,2026-01-20 16:58:49.630450
412,342,644,student,101,2025-11-27 16:58:49.630450
413,588,727,student,101,2026-01-01 16:58:49.630450
414,45,757,student,103,2025-12-26 16:58:49.630450
415,474,906,mentor,101,2025-12-20 16:58:49.630450
416,22,593,student,101,2026-01-27 16:58:49.630450
417,375,904,mentor,104,2026-01-28 16:58:49.630450
418,145,480,student,103,2026-01-28 16:58:49.630450
419,517,364,student,104,2026-01-14 16:58:49.630450
420,173,503,faculty,102,2026-01-18 16:58:49.630450
421,300,958,student,104,2025-12-14 16:58:49.630450
422,240,534,mentor,104,2026-01-25 16:58:49.630450
423,116,654,student,101,2025-12-16 16:58:49.630450
424,305,556,student,101,2025-12-20 16:58:49.630450
425,208,335,student,102,2025-12-19 16:58:49.630450
426,787,342,student,103,2025-11-26 16:58:49.630450
427,205,676,faculty,104,2026-01-05 16:58:49.630450
428,294,86,student,103,2025-12-29 16:58:49.630450
429,605,53,student,103,2025-11-26 16:58:49.630450
430,167,882,mentor,102,2025-11-10 16:58:49.630450
431,263,50,student,103,2025-11-13 16:58:49.630450
432,320,782,student,103,2026-01-21 16:58:49.630450
433,734,322,faculty,104,2026-01-07 16:58:49.630450
434,708,404,student,104,2026-01-02 16:58:49.630450
435,278,14,faculty,104,2025-12-12 16:58:49.630450
436,539,678,student,101,2025-11-25 16:58:49.630450
437,696,410,faculty,104,2025-12-21 16:58:49.630450
438,237,368,student,101,2026-01-15 16:58:49.630450
439,87,360,student,103,2025-11-18 16:58:49.630450
440,507,357,faculty,102,2025-12-08 16:58:49.630450
441,568,445,student,103,2025-12-15 16:58:49.630450
442,200,984,student,103,2025-12-22 16:58:49.630450
443,272,477,student,101,2025-12-10 16:58:49.630450
444,352,862,student,102,2025-12-19 16:58:49.630450
445,480,599,faculty,104,2025-11-16 16:58:49.630450
446,544,917,student,103,2026-01-04 16:58:49.630450
447,408,887,student,102,2025-12-25 16:58:49.630450
448,404,776,student,103,2025-11-17 16:58:49.630450
449,49,100,student,102,2026-01-04 16:58:49.630450
450,298,290,faculty,102,2025-12-05 16:58:49.630450
451,506,583,student,104,2025-12-30 16:58:49.630450
452,265,98,faculty,104,2025-12-17 16:58:49.630450
453,123,877,student,101,2025-12-25 16:58:49.630450
454,384,219,student,103,2026-01-07 16:58:49.630450
455,218,48,student,103,2025-12-31 16:58:49.630450
456,540,841,faculty,103,2025-11-10 16:58:49.630450
457,788,271,student,101,2026-01-02 16:58:49.630450
458,598,485,mentor,102,2025-12-02 16:58:49.630450
459,243,315,student,102,2026-01-02 16:58:49.630450
460,715,502,student,103,2025-12-13 16:58:49.630450
461,100,546,student,103,2025-12-15 16:58:49.630450
462,299,246,student,103,2025-12-21 16:58:49.630450
463,276,399,faculty,104,2025-11-07 16:58:49.630450
464,144,9,student,103,2025-12-23 16:58:49.630450
465,644,135,student,102,2025-12-11 16:58:49.630450
466,52,784,student,103,2025-11-03 16:58:49.630450
467,726,443,student,102,2025-11-28 16:58:49.630450
468,703,312,student,102,2025-11-07 16:58:49.630450
469,280,587,student,102,2025-11-24 16:58:49.630450
470,183,442,student,103,2025-11-02 16:58:49.630450
471,460,445,student,101,2025-11-15 16:58:49.630450
472,277,884,student,101,2025-12-14 16:58:49.630450
473,659,585,faculty,104,2025-12-13 16:58:49.630450
474,672,714,mentor,104,2025-11-24 16:58:49.630450
475,433,612,student,104,2026-01-10 16:58:49.630450
476,418,384,student,101,2025-12-28 16:58:49.630450
477,591,447,student,104,2026-01-28 16:58:49.630450
478,516,82,student,103,2025-11-15 16:58:49.630450
479,241,9,student,102,2025-12-26 16:58:49.630450
480,759,998,student,104,2026-01-09 16:58:49.630450
481,535,981,student,103,2025-12-30 16:58:49.630450
482,361,469,student,102,2025-12-22 16:58:49.630450
483,593,201,student,104,2026-01-20 16:58:49.630450
484,345,533,student,101,2026-01-14 16:58:49.630450
485,265,974,student,102,2026-01-12 16:58:49.630450
486,32,128,faculty,101,2025-12-06 16:58:49.630450
487,716,158,mentor,104,2025-11-23 16:58:49.630450
488,383,444,faculty,102,2025-11-20 16:58:49.630450
489,749,121,mentor,101,2025-12-26 16:58:49.630450
490,645,747,mentor,104,2025-11-10 16:58:49.630450
491,361,444,student,104,2026-01-20 16:58:49.630450
492,214,764,student,104,2026-01-04 16:58:49.630450
493,635,134,faculty,104,2026-01-16 16:58:49.630450
494,53,672,student,102,2026-01-15 16:58:49.630450
495,624,129,student,104,2025-11-08 16:58:49.630450
496,103,59,student,104,2026-01-04 16:58:49.630450
497,474,291,faculty,101,2025-12-26 16:58:49.630450
498,278,382,faculty,104,2025-12-25 16:58:49.630450
499,671,985,faculty,104,2026-01-19 16:58:49.630450
500,590,613,faculty,101,2025-11-08 16:58:49.630450
501,40,179,student,102,2025-12-13 16:58:49.630450
502,702,456,student,103,2025-11-09 16:58:49.630450
503,63,587,student,101,2025-11-28 16:58:49.630450
504,177,794,student,104,2025-12-19 16:58:49.630450
505,571,899,student,102,2025-10-31 16:58:49.630450
506,759,233,student,104,2026-01-14 16:58:49.630450
507,92,354,student,101,2025-11-30 16:58:49.630450
508,463,30,student,104,2026-01-05 16:58:49.630450
509,13,761,student,103,2026-01-15 16:58:49.630450
510,404,687,student,101,2025-11-23 16:58:49.630450
511,659,487,mentor,102,2025-11-12 16:58:49.630450
512,96,986,student,102,2025-11-19 16:58:49.630450
513,720,368,student,102,2025-12-11 16:58:49.630450
514,22,309,faculty,101,2025-12-01 16:58:49.630450
515,648,868,mentor,104,2025-12-26 16:58:49.630450
516,466,54,student,103,2025-11-16 16:58:49.630450
517,655,270,student,101,2025-11-07 16:58:49.630450
518,626,811,student,102,2026-01-05 16:58:49.630450
519,25,683,student,104,2025-12-25 16:58:49.630450
520,506,945,student,103,2025-11-10 16:58:49.630450
521,583,701,student,101,2025-10-31 16:58:49.630450
522,457,414,faculty,101,2025-10-31 16:58:49.630450
523,531,312,mentor,103,2026-01-28 16:58:49.630450
524,437,507,faculty,102,2025-12-27 16:58:49.630450
525,530,985,mentor,103,2025-12-27 16:58:49.630450
526,795,483,student,103,2025-12-23 16:58:49.630450
527,104,579,student,104,2025-12-27 16:58:49.630450
528,526,65,student,103,2025-12-02 16:58:49.630450
529,177,127,student,102,2025-11-23 16:58:49.630450
530,489,364,faculty,101,2025-12-23 16:58:49.630450
531,790,288,faculty,104,2026-01-22 16:58:49.630450
532,501,590,faculty,104,2025-11-24 16:58:49.630450
533,502,494,student,104,2025-10-30 16:58:49.630450
534,506,246,student,104,2025-11-11 16:58:49.630450
535,638,460,student,102,2025-11-28 16:58:49.630450
536,524,101,student,102,2025-12-28 16:58:49.630450
537,361,161,faculty,102,2025-12-14 16:58:49.630450
538,403,701,student,103,2026-01-07 16:58:49.630450
539,94,504,student,102,2025-12-16 16:58:49.630450
540,747,949,student,103,2025-12-21 16:58:49.630450
541,494,505,faculty,102,2025-12-30 16:58:49.630450
542,467,229,student,104,2025-12-10 16:58:49.630450
543,463,657,faculty,104,2025-12-29 16:58:49.630450
544,757,399,student,104,2025-12-15 16:58:49.630450
545,619,740,student,103,2026-01-05 16:58:49.630450
546,186,814,faculty,103,2025-12-05 16:58:49.630450
547,131,122,student,101,2025-12-07 16:58:49.630450
548,383,33,faculty,104,2025-11-09 16:58:49.630450
549,288,165,faculty,101,2026-01-24 16:58:49.630450
550,703,225,student,101,2025-12-19 16:58:49.630450
551,451,97,student,101,2025-11-22 16:58:49.630450
552,132,434,mentor,104,2025-11-25 16:58:49.630450
553,362,60,faculty,104,2025-12-30 16:58:49.630450
554,10,117,mentor,101,2025-12-25 16:58:49.630450
555,146,4,student,104,2025-12-20 16:58:49.630450
556,392,149,student,101,2025-11-17 16:58:49.630450
557,692,8,student,104,2025-12-21 16:58:49.630450
558,281,968,student,103,2025-11-16 16:58:49.630450
559,634,355,mentor,101,2026-01-10 16:58:49.630450
560,666,443,student,101,2026-01-21 16:58:49.630450
561,544,404,faculty,104,2025-12-02 16:58:49.630450
562,161,683,student,101,2025-12-01 16:58:49.630450
563,414,188,student,102,2026-01-19 16:58:49.630450
564,590,87,student,102,2025-12-02 16:58:49.630450
565,443,813,mentor,101,2026-01-27 16:58:49.630450
566,373,919,faculty,101,2025-11-16 16:58:49.630450
567,604,460,student,102,2025-12-23 16:58:49.630450
568,706,63,student,101,2025-12-04 16:58:49.630450
569,785,800,mentor,103,2025-12-26 16:58:49.630450
570,290,632,student,103,2025-12-05 16:58:49.630450
571,784,767,student,101,2025-12-17 16:58:49.630450
572,410,624,faculty,104,2025-12-22 16:58:49.630450
573,20,13,student,102,2026-01-03 16:58:49.630450
574,191,529,student,102,2025-12-25 16:58:49.630450
575,26,790,mentor,104,2025-11-16 16:58:49.630450
576,125,747,faculty,103,2025-12-16 16:58:49.630450
577,367,502,mentor,103,2025-12-11 16:58:49.630450
578,391,78,student,103,2025-12-24 16:58:49.630450
579,791,479,student,101,2025-12-17 16:58:49.630450
580,405,879,student,102,2025-12-23 16:58:49.630450
581,741,224,mentor,103,2025-12-05 16:58:49.630450
582,581,120,student,102,2025-11-23 16:58:49.630450
583,710,93,student,104,2025-11-29 16:58:49.630450
584,144,83,student,103,2025-12-10 16:58:49.630450
585,569,215,faculty,104,2025-11-11 16:58:49.630450
586,621,647,student,102,2025-12-27 16:58:49.630450
587,671,494,student,102,2025-11-21 16:58:49.630450
588,414,965,student,104,2026-01-22 16:58:49.630450
589,495,447,student,101,2026-01-10 16:58:49.630450
590,450,63,student,101,2025-11-26 16:58:49.630450
591,405,980,student,101,2025-12-29 16:58:49.630450
592,619,370,faculty,102,2025-11-26 16:58:49.630450
593,119,372,student,103,2025-11-07 16:58:49.630450
594,729,973,student,104,2025-12-03 16:58:49.630450
595,761,921,faculty,102,2025-11-06 16:58:49.630450
596,662,461,student,101,2025-12-18 16:58:49.630450
597,159,514,student,102,2025-11-24 16:58:49.630450
598,743,286,faculty,103,2025-12-07 16:58:49.630450
599,775,448,student,104,2025-11-15 16:58:49.630450
600,634,203,student,101,2025-11-11 16:58:49.630450
601,166,83,student,101,2026-01-13 16:58:49.630450
602,658,468,faculty,103,2025-12-23 16:58:49.630450
603,415,47,student,101,2025-11-16 16:58:49.630450
604,667,27,faculty,103,2026-01-24 16:58:49.630450
605,636,527,student,103,2025-12-15 16:58:49.630450
606,494,195,mentor,102,2026-01-07 16:58:49.630450
607,492,515,mentor,101,2026-01-27 16:58:49.630450
608,410,327,student,103,2026-01-06 16:58:49.630450
609,147,340,mentor,101,2026-01-08 16:58:49.630450
610,391,617,student,101,2025-11-27 16:58:49.630450
611,782,459,faculty,101,2026-01-27 16:58:49.630450
612,577,494,student,102,2025-12-12 16:58:49.630450
613,37,960,student,104,2026-01-21 16:58:49.630450
614,446,48,student,102,2025-11-25 16:58:49.630450
615,400,161,student,102,2025-11-04 16:58:49.630450
616,606,301,student,102,2025-11-16 16:58:49.630450
617,162,865,faculty,101,2025-11-02 16:58:49.630450
618,424,569,mentor,104,2025-11-09 16:58:49.630450
619,31,134,faculty,101,2025-11-21 16:58:49.630450
620,132,796,student,104,2025-11-22 16:58:49.630450
621,165,91,student,103,2025-11-24 16:58:49.630450
622,695,130,mentor,102,2025-11-25 16:58:49.630450
623,207,971,student,101,2025-11-14 16:58:49.630450
624,138,606,student,104,2025-12-23 16:58:49.630450
625,273,322,student,101,2025-12-19 16:58:49.630450
626,223,981,faculty,104,2026-01-08 16:58:49.630450
627,659,36,student,103,2025-12-18 16:58:49.630450
628,292,585,student,103,2025-12-12 16:58:49.630450
629,554,239,student,102,2025-12-01 16:58:49.630450
630,79,317,mentor,101,2026-01-06 16:58:49.630450
631,353,126,student,101,2025-11-16 16:58:49.630450
632,661,616,mentor,104,2025-11-27 16:58:49.630450
633,120,939,student,104,2025-11-08 16:58:49.630450
634,115,628,student,104,2025-10-30 16:58:49.630450
635,397,168,student,104,2025-12-05 16:58:49.630450
636,662,964,student,102,2025-12-28 16:58:49.630450
637,330,604,faculty,103,2025-12-13 16:58:49.630450
638,285,839,student,102,2025-12-24 16:58:49.630450
639,258,857,student,103,2025-12-02 16:58:49.630450
640,265,781,mentor,102,2025-11-17 16:58:49.630450
641,346,896,student,104,2025-12-30 16:58:49.630450
642,156,203,student,104,2025-11-14 16:58:49.630450
643,731,743,student,102,2025-12-17 16:58:49.630450
644,288,638,mentor,101,2026-01-24 16:58:49.630450
645,7,187,student,102,2026-01-13 16:58:49.630450
646,740,659,student,104,2026-01-26 16:58:49.630450
647,712,185,student,103,2025-11-13 16:58:49.630450
648,743,121,student,103,2026-01-28 16:58:49.630450
649,274,823,student,101,2025-12-10 16:58:49.630450
650,422,558,student,103,2026-01-11 16:58:49.630450
651,172,610,faculty,103,2025-12-28 16:58:49.630450
652,177,36,student,103,2026-01-23 16:58:49.630450
653,771,967,faculty,101,2025-11-07 16:58:49.630450
654,672,417,faculty,104,2026-01-05 16:58:49.630450
655,643,510,student,102,2025-11-09 16:58:49.630450
656,185,216,faculty,104,2026-01-04 16:58:49.630450
657,65,601,faculty,102,2025-12-24 16:58:49.630450
658,8,860,faculty,103,2025-12-03 16:58:49.630450
659,742,793,student,103,2025-11-07 16:58:49.630450
660,460,589,student,104,2025-11-07 16:58:49.630450
661,405,689,student,102,2026-01-09 16:58:49.630450
662,770,839,faculty,103,2026-01-16 16:58:49.630450
663,11,537,student,104,2025-12-28 16:58:49.630450
664,292,625,faculty,102,2025-11-18 16:58:49.630450
665,408,45,faculty,104,2026-01-23 16:58:49.630450
666,759,97,mentor,102,2026-01-10 16:58:49.630450
667,373,766,student,101,2025-11-23 16:58:49.630450
668,603,860,student,103,2025-11-07 16:58:49.630450
669,670,258,student,103,2025-11-02 16:58:49.630450
670,38,304,faculty,103,2025-11-26 16:58:49.630450
671,175,573,mentor,102,2026-01-01 16:58:49.630450
672,644,590,student,104,2025-12-02 16:58:49.630450
673,583,421,student,101,2026-01-13 16:58:49.630450
674,208,406,student,103,2025-12-20 16:58:49.631447
675,629,9,student,103,2025-12-25 16:58:49.631447
676,268,506,student,103,2026-01-03 16:58:49.631447
677,638,708,faculty,104,2025-12-14 16:58:49.631447
678,435,383,student,102,2025-12-30 16:58:49.631447
679,189,555,student,103,2025-12-24 16:58:49.631447
680,18,326,faculty,103,2025-11-07 16:58:49.631447
681,494,880,student,101,2025-11-06 16:58:49.631447
682,595,915,student,101,2025-11-06 16:58:49.631447
683,388,285,student,103,2026-01-28 16:58:49.631447
684,130,430,faculty,104,2025-11-19 16:58:49.631447
685,424,930,student,103,2025-12-21 16:58:49.631447
686,469,52,mentor,104,2025-11-11 16:58:49.631447
687,45,847,student,102,2026-01-15 16:58:49.631447
688,288,992,faculty,103,2025-11-28 16:58:49.631447
689,289,324,faculty,103,2025-12-25 16:58:49.631447
690,348,605,student,103,2026-01-01 16:58:49.631447
691,726,335,student,102,2025-11-01 16:58:49.631447
692,530,539,mentor,101,2025-11-15 16:58:49.631447
693,266,179,student,101,2025-12-12 16:58:49.631447
694,271,224,student,101,2026-01-19 16:58:49.631447
695,678,965,faculty,102,2025-12-18 16:58:49.631447
696,102,762,student,103,2025-12-22 16:58:49.631447
697,605,503,student,101,2025-12-17 16:58:49.631447
698,556,608,mentor,103,2026-01-17 16:58:49.631447
699,558,690,student,102,2025-12-26 16:58:49.631447
700,45,829,student,104,2026-01-10 16:58:49.631447
701,699,537,student,104,2026-01-24 16:58:49.631447
702,88,882,student,102,2025-11-28 16:58:49.631447
703,262,53,student,104,2025-11-17 16:58:49.631447
704,193,55,student,102,2025-11-09 16:58:49.631447
705,427,683,student,101,2025-11-29 16:58:49.631447
706,568,932,faculty,104,2025-12-10 16:58:49.631447
707,252,607,student,103,2025-11-17 16:58:49.631447
708,615,216,student,102,2025-12-14 16:58:49.631447
709,496,673,student,102,2026-01-14 16:58:49.631447
710,784,81,student,102,2026-01-17 16:58:49.631447
711,558,821,student,104,2026-01-05 16:58:49.631447
712,740,131,faculty,104,2025-11-17 16:58:49.631447
713,509,199,student,103,2025-12-31 16:58:49.631447
714,311,132,faculty,104,2025-11-14 16:58:49.631447
715,134,229,faculty,102,2025-12-30 16:58:49.631447
716,336,629,student,104,2025-12-27 16:58:49.631447
717,431,890,student,102,2026-01-24 16:58:49.631447
718,506,884,student,104,2025-12-17 16:58:49.631447
719,288,34,student,103,2025-11-17 16:58:49.631447
720,418,431,student,104,2025-12-06 16:58:49.631447
721,250,467,student,101,2026-01-09 16:58:49.631447
722,702,492,student,101,2025-12-03 16:58:49.631447
723,119,480,student,101,2026-01-06 16:58:49.631447
724,64,111,student,104,2025-12-02 16:58:49.631447
725,153,889,mentor,104,2025-11-23 16:58:49.631447
726,419,208,student,101,2026-01-10 16:58:49.631447
727,659,811,student,103,2025-12-07 16:58:49.631447
728,305,203,student,104,2026-01-27 16:58:49.631447
729,643,911,student,103,2025-11-04 16:58:49.631447
730,43,667,student,102,2025-12-28 16:58:49.631447
731,169,676,student,104,2025-12-07 16:58:49.631447
732,686,768,student,102,2026-01-10 16:58:49.631447
733,650,46,mentor,101,2025-11-14 16:58:49.631447
734,387,625,student,103,2025-12-24 16:58:49.631447
735,586,586,faculty,101,2025-11-19 16:58:49.631447
736,155,788,student,103,2026-01-19 16:58:49.631447
737,518,490,student,103,2025-11-21 16:58:49.631447
738,25,608,student,101,2025-11-02 16:58:49.631447
739,368,417,student,104,2026-01-23 16:58:49.631447
740,649,236,student,104,2026-01-27 16:58:49.631447
741,128,761,faculty,104,2026-01-22 16:58:49.631447
742,637,273,student,104,2025-11-22 16:58:49.631447
743,245,177,student,104,2025-11-18 16:58:49.631447
744,333,844,student,104,2026-01-25 16:58:49.631447
745,730,471,student,101,2026-01-26 16:58:49.631447
746,53,332,faculty,101,2025-11-29 16:58:49.631447
747,359,515,student,102,2025-11-16 16:58:49.631447
748,550,13,student,103,2025-11-11 16:58:49.631447
749,496,637,mentor,103,2025-12-23 16:58:49.631447
750,522,131,faculty,104,2026-01-05 16:58:49.631447
751,393,456,faculty,101,2026-01-09 16:58:49.631447
752,457,366,student,101,2025-12-08 16:58:49.631447
753,87,542,mentor,103,2025-11-08 16:58:49.631447
754,779,787,mentor,103,2025-12-31 16:58:49.631447
755,544,697,student,104,2026-01-11 16:58:49.631447
756,175,814,student,101,2025-12-03 16:58:49.631447
757,77,146,mentor,101,2025-11-28 16:58:49.631447
758,216,274,student,101,2026-01-12 16:58:49.631447
759,239,899,faculty,104,2025-12-30 16:58:49.631447
760,3,668,student,101,2025-12-04 16:58:49.631447
761,23,317,student,101,2026-01-06 16:58:49.631447
762,454,223,mentor,101,2025-11-10 16:58:49.631447
763,270,527,mentor,104,2025-12-28 16:58:49.631447
764,340,468,faculty,104,2026-01-20 16:58:49.631447
765,377,131,student,103,2026-01-05 16:58:49.631447
766,303,557,faculty,104,2026-01-02 16:58:49.631447
767,81,726,student,103,2025-11-08 16:58:49.631447
768,711,898,student,102,2025-11-03 16:58:49.631447
769,731,708,student,102,2026-01-04 16:58:49.631447
770,218,925,faculty,102,2025-12-25 16:58:49.631447
771,238,907,student,101,2026-01-24 16:58:49.631447
772,245,960,student,104,2025-11-05 16:58:49.631447
773,479,24,student,103,2025-12-08 16:58:49.631447
774,128,201,student,102,2025-11-14 16:58:49.631447
775,622,252,student,102,2025-12-08 16:58:49.631447
776,188,507,student,103,2025-12-03 16:58:49.631447
777,185,999,student,102,2025-11-14 16:58:49.631447
778,534,177,student,102,2025-12-27 16:58:49.631447
779,594,15,student,102,2025-12-10 16:58:49.631447
780,608,164,faculty,101,2025-12-15 16:58:49.631447
781,18,690,student,104,2025-12-25 16:58:49.631447
782,444,835,student,103,2025-11-23 16:58:49.631447
783,161,937,student,104,2025-11-25 16:58:49.631447
784,635,998,student,102,2026-01-16 16:58:49.631447
785,673,518,faculty,102,2026-01-28 16:58:49.631447
786,126,324,student,101,2026-01-03 16:58:49.631447
787,327,196,student,102,2025-11-23 16:58:49.631447
788,295,111,student,102,2025-10-31 16:58:49.631447
789,530,397,student,101,2026-01-20 16:58:49.631447
790,791,701,student,102,2025-12-20 16:58:49.631447
791,321,81,student,104,2025-12-14 16:58:49.631447
792,543,457,student,104,2025-11-17 16:58:49.631447
793,752,986,faculty,103,2026-01-11 16:58:49.631447
794,480,753,faculty,101,2025-11-07 16:58:49.631447
795,468,750,faculty,102,2026-01-04 16:58:49.631447
796,547,98,student,101,2026-01-15 16:58:49.631447
797,793,364,mentor,103,2025-12-16 16:58:49.631447
798,200,591,faculty,102,2026-01-18 16:58:49.631447
799,266,106,student,104,2025-11-16 16:58:49.631447
800,295,264,student,104,2025-11-09 16:58:49.631447
801,376,930,faculty,104,2025-12-13 16:58:49.631447
802,679,309,faculty,104,2025-12-07 16:58:49.631447
803,145,44,faculty,102,2025-12-19 16:58:49.631447
804,517,982,student,104,2025-12-18 16:58:49.631447
805,399,792,student,101,2025-12-24 16:58:49.631447
806,514,185,faculty,104,2025-11-27 16:58:49.631447
807,465,527,faculty,104,2025-12-24 16:58:49.631447
808,657,116,student,101,2025-12-21 16:58:49.631447
809,790,668,student,103,2025-11-24 16:58:49.631447
810,626,32,student,101,2025-11-22 16:58:49.631447
811,350,423,student,103,2025-12-30 16:58:49.631447
812,380,735,student,103,2025-12-09 16:58:49.631447
813,82,931,student,104,2026-01-17 16:58:49.631447
814,51,126,faculty,103,2025-11-21 16:58:49.631447
815,441,820,student,101,2025-11-04 16:58:49.631447
816,677,934,student,102,2025-10-31 16:58:49.631447
817,281,193,student,102,2025-12-19 16:58:49.631447
818,158,460,faculty,104,2025-11-11 16:58:49.631447
819,586,96,student,103,2025-11-23 16:58:49.631447
820,300,845,student,103,2025-12-28 16:58:49.631447
821,756,896,student,103,2026-01-03 16:58:49.631447
822,728,752,student,101,2026-01-16 16:58:49.631447
823,502,665,mentor,101,2025-12-21 16:58:49.631447
824,416,44,student,103,2025-12-29 16:58:49.631447
825,155,664,student,101,2025-11-23 16:58:49.631447
826,343,148,student,101,2026-01-15 16:58:49.631447
827,509,836,faculty,101,2025-11-13 16:58:49.631447
828,776,878,student,104,2025-11-23 16:58:49.631447
829,453,671,student,103,2025-12-21 16:58:49.631447
830,750,109,student,104,2025-12-24 16:58:49.631447
831,692,189,mentor,104,2025-11-19 16:58:49.631447
832,464,250,student,104,2026-01-14 16:58:49.631447
833,588,556,student,101,2025-11-14 16:58:49.631447
834,530,42,student,101,2025-12-23 16:58:49.631447
835,15,835,student,101,2026-01-12 16:58:49.631447
836,566,965,student,103,2026-01-28 16:58:49.631447
837,796,188,mentor,102,2026-01-12 16:58:49.631447
838,73,194,student,102,2026-01-09 16:58:49.631447
839,597,90,student,104,2026-01-10 16:58:49.631447
840,163,12,student,103,2025-11-19 16:58:49.631447
841,264,104,student,104,2026-01-05 16:58:49.631447
842,663,605,student,104,2025-11-06 16:58:49.631447
843,480,65,faculty,102,2026-01-24 16:58:49.631447
844,103,377,student,104,2025-11-06 16:58:49.631447
845,666,393,student,101,2025-12-06 16:58:49.631447
846,429,349,faculty,102,2025-12-18 16:58:49.631447
847,138,384,student,104,2025-12-05 16:58:49.631447
848,150,343,student,101,2025-12-02 16:58:49.631447
849,578,412,student,102,2025-11-21 16:58:49.631447
850,737,779,student,102,2025-11-08 16:58:49.631447
851,534,651,faculty,101,2025-12-22 16:58:49.631447
852,746,294,student,101,2025-11-19 16:58:49.631447
853,731,638,student,102,2026-01-04 16:58:49.631447
854,435,528,mentor,103,2025-11-09 16:58:49.631447
855,654,740,student,101,2025-11-20 16:58:49.631447
856,415,560,student,101,2025-11-16 16:58:49.631447
857,70,111,mentor,102,2025-12-12 16:58:49.631447
858,330,480,student,101,2025-11-30 16:58:49.631447
859,70,219,mentor,103,2026-01-15 16:58:49.631447
860,781,134,faculty,103,2025-12-15 16:58:49.631447
861,387,80,student,103,2025-12-09 16:58:49.631447
862,136,774,student,102,2025-12-22 16:58:49.631447
863,422,747,mentor,102,2025-11-05 16:58:49.631447
864,648,144,student,101,2025-12-09 16:58:49.631447
865,111,467,student,103,2025-11-09 16:58:49.631447
866,665,235,student,104,2025-12-29 16:58:49.631447
867,480,20,student,103,2025-11-18 16:58:49.631447
868,673,265,student,104,2025-11-28 16:58:49.631447
869,489,717,student,104,2026-01-11 16:58:49.631447
870,238,569,student,103,2026-01-24 16:58:49.631447
871,738,21,student,104,2025-12-18 16:58:49.631447
872,318,681,faculty,103,2025-12-04 16:58:49.631447
873,762,49,mentor,101,2025-11-07 16:58:49.631447
874,238,240,mentor,104,2025-11-06 16:58:49.631447
875,126,23,student,102,2026-01-28 16:58:49.631447
876,152,632,student,101,2025-12-28 16:58:49.631447
877,469,337,student,101,2025-10-31 16:58:49.631447
878,291,570,student,102,2025-11-15 16:58:49.631447
879,799,915,mentor,101,2026-01-25 16:58:49.631447
880,263,21,faculty,101,2025-12-19 16:58:49.631447
881,234,415,student,102,2025-11-28 16:58:49.631447
882,126,843,student,102,2025-11-04 16:58:49.631447
883,267,341,student,102,2025-11-18 16:58:49.631447
884,323,912,student,101,2025-11-26 16:58:49.631447
885,57,737,student,104,2025-12-13 16:58:49.631447
886,713,502,student,102,2025-12-05 16:58:49.631447
887,609,607,student,102,2025-11-22 16:58:49.631447
888,375,542,student,104,2026-01-03 16:58:49.631447
889,750,211,student,104,2025-11-22 16:58:49.631447
890,477,55,student,103,2026-01-03 16:58:49.631447
891,632,231,student,101,2025-12-15 16:58:49.631447
892,598,170,student,102,2026-01-11 16:58:49.631447
893,470,387,faculty,104,2025-12-11 16:58:49.631447
894,749,13,student,103,2025-12-02 16:58:49.631447
895,706,199,student,104,2025-11-28 16:58:49.631447
896,39,325,mentor,103,2026-01-18 16:58:49.631447
897,502,481,faculty,104,2025-10-30 16:58:49.631447
898,20,223,student,102,2025-11-22 16:58:49.631447
899,699,494,mentor,104,2025-11-03 16:58:49.631447
900,452,928,student,102,2025-12-30 16:58:49.631447
901,146,510,student,104,2026-01-06 16:58:49.631447
902,564,127,student,102,2025-11-29 16:58:49.631447
903,18,922,student,102,2025-11-05 16:58:49.631447
904,56,330,student,102,2025-11-19 16:58:49.631447
905,344,113,student,104,2026-01-25 16:58:49.631447
906,31,549,student,104,2025-11-22 16:58:49.631447
907,102,579,faculty,103,2025-12-24 16:58:49.631447
908,419,471,student,102,2025-12-03 16:58:49.631447
909,452,692,student,103,2025-12-26 16:58:49.631447
910,375,117,student,101,2025-12-04 16:58:49.631447
911,718,163,student,101,2025-12-01 16:58:49.631447
912,94,253,student,102,2026-01-16 16:58:49.631447
913,613,1,student,101,2025-11-27 16:58:49.631447
914,623,38,student,102,2025-12-23 16:58:49.631447
915,151,731,faculty,104,2025-11-27 16:58:49.631447
916,125,159,student,102,2025-11-28 16:58:49.631447
917,117,333,student,101,2025-11-23 16:58:49.631447
918,736,160,student,104,2025-12-11 16:58:49.631447
919,197,54,faculty,103,2025-12-30 16:58:49.631447
920,203,600,student,104,2025-11-09 16:58:49.631447
921,48,665,student,101,2026-01-17 16:58:49.631447
922,261,820,student,104,2026-01-19 16:58:49.631447
923,85,263,student,102,2025-11-08 16:58:49.631447
924,95,290,mentor,102,2026-01-13 16:58:49.631447
925,720,726,student,103,2025-11-30 16:58:49.631447
926,372,949,student,101,2025-12-28 16:58:49.631447
927,227,568,faculty,104,2026-01-16 16:58:49.631447
928,566,159,faculty,103,2025-12-11 16:58:49.631447
929,95,922,faculty,102,2025-11-28 16:58:49.631447
930,302,857,student,102,2025-12-12 16:58:49.631447
931,469,80,student,103,2026-01-18 16:58:49.631447
932,622,558,student,103,2026-01-04 16:58:49.631447
933,41,75,student,101,2026-01-25 16:58:49.631447
934,762,60,student,101,2025-12-29 16:58:49.631447
935,394,142,student,102,2025-10-31 16:58:49.631447
936,219,905,student,101,2026-01-23 16:58:49.631447
937,563,369,student,101,2025-12-14 16:58:49.631447
938,588,967,student,103,2025-11-22 16:58:49.631447
939,345,790,student,103,2025-12-26 16:58:49.631447
940,54,51,student,104,2026-01-27 16:58:49.631447
941,314,405,student,103,2025-11-12 16:58:49.631447
942,53,584,student,103,2025-11-26 16:58:49.631447
943,744,886,student,104,2026-01-04 16:58:49.631447
944,394,710,student,101,2026-01-06 16:58:49.631447
945,74,869,mentor,102,2025-11-14 16:58:49.631447
946,664,37,mentor,101,2025-12-19 16:58:49.631447
947,60,668,student,104,2025-11-03 16:58:49.631447
948,308,946,student,104,2025-11-25 16:58:49.631447
949,719,240,student,102,2025-12-04 16:58:49.631447
950,418,267,student,104,2025-12-16 16:58:49.631447
951,162,512,mentor,103,2025-11-26 16:58:49.631447
952,325,358,student,104,2025-12-07 16:58:49.631447
953,711,94,student,102,2026-01-26 16:58:49.631447
954,609,599,faculty,101,2025-12-31 16:58:49.631447
955,485,620,student,102,2026-01-11 16:58:49.631447
956,730,315,student,102,2026-01-12 16:58:49.631447
957,568,562,student,103,2025-10-30 16:58:49.631447
958,669,386,student,102,2025-12-31 16:58:49.631447
959,731,254,student,103,2026-01-12 16:58:49.631447
960,122,767,faculty,104,2026-01-01 16:58:49.631447
961,758,567,student,103,2025-12-15 16:58:49.631447
962,570,223,student,102,2025-12-12 16:58:49.631447
963,429,501,student,103,2025-12-04 16:58:49.631447
964,568,998,faculty,103,2026-01-08 16:58:49.631447
965,489,823,student,102,2025-11-16 16:58:49.631447
966,664,759,faculty,102,2026-01-19 16:58:49.631447
967,32,192,student,104,2026-01-23 16:58:49.631447
968,326,239,faculty,104,2025-12-24 16:58:49.631447
969,250,649,student,101,2025-11-27 16:58:49.631447
970,12,897,faculty,103,2026-01-06 16:58:49.631447
971,490,739,mentor,103,2025-11-16 16:58:49.631447
972,767,451,student,103,2025-12-31 16:58:49.631447
973,587,785,student,102,2025-11-10 16:58:49.631447
974,761,425,student,104,2025-11-20 16:58:49.631447
975,12,70,faculty,104,2025-11-17 16:58:49.631447
976,513,469,mentor,103,2025-12-23 16:58:49.631447
977,126,616,student,103,2025-11-19 16:58:49.631447
978,718,263,faculty,103,2026-01-07 16:58:49.631447
979,150,718,student,103,2025-11-06 16:58:49.631447
980,695,802,student,101,2025-12-23 16:58:49.631447
981,152,606,student,102,2026-01-05 16:58:49.631447
982,464,896,student,104,2025-11-21 16:58:49.631447
983,67,22,student,101,2025-12-26 16:58:49.631447
984,707,389,student,101,2025-11-02 16:58:49.631447
985,128,907,student,104,2025-12-19 16:58:49.631447
986,505,570,student,104,2026-01-19 16:58:49.631447
987,297,408,faculty,103,2026-01-01 16:58:49.631447
988,84,515,mentor,104,2025-12-13 16:58:49.631447
989,588,143,student,103,2025-11-29 16:58:49.631447
990,151,418,student,101,2025-12-22 16:58:49.631447
991,576,527,student,103,2025-11-01 16:58:49.631447
992,276,179,student,104,2026-01-18 16:58:49.631447
993,94,399,student,103,2026-01-12 16:58:49.631447
994,773,210,student,103,2025-12-14 16:58:49.631447
995,615,974,student,104,2025-11-16 16:58:49.631447
996,638,396,student,101,2025-11-10 16:58:49.631447
997,103,111,mentor,103,2026-01-08 16:58:49.631447
998,564,899,student,104,2025-11-01 16:58:49.631447
999,536,201,student,104,2025-11-09 16:58:49.631447
1000,538,271,student,104,2025-11-15 16:58:49.631447
1001,298,961,student,101,2025-12-26 16:58:49.631447
1002,799,108,faculty,101,2025-12-29 16:58:49.631447
1003,145,867,student,101,2026-01-22 16:58:49.631447
1004,481,251,faculty,101,2025-11-02 16:58:49.631447
1005,296,327,student,103,2025-11-22 16:58:49.631447
1006,672,20,student,103,2025-12-26 16:58:49.631447
1007,26,694,student,102,2025-12-28 16:58:49.631447
1008,496,471,student,103,2025-11-02 16:58:49.631447
1009,375,501,student,102,2026-01-17 16:58:49.631447
1010,655,587,student,104,2025-12-29 16:58:49.631447
1011,668,338,student,104,2025-11-21 16:58:49.631447
1012,319,598,student,101,2025-11-30 16:58:49.631447
1013,570,343,mentor,104,2025-12-06 16:58:49.631447
1014,660,910,student,101,2025-12-19 16:58:49.631447
1015,501,310,faculty,104,2025-11-30 16:58:49.631447
1016,470,708,faculty,102,2025-12-25 16:58:49.631447
1017,420,734,student,103,2025-10-31 16:58:49.631447
1018,573,638,student,101,2025-12-31 16:58:49.631447
1019,616,825,faculty,103,2025-12-05 16:58:49.631447
1020,707,176,student,103,2026-01-24 16:58:49.631447
1021,479,618,student,104,2026-01-15 16:58:49.631447
1022,604,834,mentor,101,2025-12-21 16:58:49.631447
1023,696,310,student,104,2026-01-05 16:58:49.631447
1024,260,418,student,104,2025-12-19 16:58:49.631447
1025,532,343,mentor,102,2025-12-25 16:58:49.631447
1026,111,489,student,103,2025-11-10 16:58:49.631447
1027,325,559,student,103,2025-11-03 16:58:49.631447
1028,786,154,student,102,2025-12-21 16:58:49.631447
1029,711,752,student,103,2025-12-18 16:58:49.631447
1030,178,48,student,101,2026-01-09 16:58:49.631447
1031,420,956,faculty,103,2026-01-18 16:58:49.631447
1032,178,635,faculty,104,2025-11-13 16:58:49.631447
1033,616,145,student,104,2025-11-08 16:58:49.631447
1034,231,855,student,103,2025-11-30 16:58:49.631447
1035,345,221,student,102,2026-01-27 16:58:49.631447
1036,679,673,mentor,102,2025-11-05 16:58:49.631447
1037,248,321,student,104,2026-01-15 16:58:49.631447
1038,180,391,student,103,2026-01-09 16:58:49.631447
1039,607,348,student,101,2026-01-11 16:58:49.631447
1040,149,564,student,102,2026-01-24 16:58:49.631447
1041,736,621,student,104,2025-11-05 16:58:49.631447
1042,688,5,student,103,2026-01-09 16:58:49.631447
1043,163,856,student,103,2025-11-23 16:58:49.631447
1044,799,623,faculty,101,2025-11-20 16:58:49.631447
1045,415,425,student,103,2025-12-14 16:58:49.631447
1046,500,264,student,102,2026-01-16 16:58:49.631447
1047,671,967,mentor,103,2025-12-19 16:58:49.631447
1048,86,802,student,103,2026-01-09 16:58:49.631447
1049,279,677,student,104,2026-01-19 16:58:49.631447
1050,247,773,faculty,103,2026-01-06 16:58:49.631447
1051,147,253,student,101,2025-11-06 16:58:49.631447
1052,605,798,faculty,101,2025-12-27 16:58:49.631447
1053,313,334,student,102,2026-01-18 16:58:49.631447
1054,681,405,student,104,2025-11-01 16:58:49.631447
1055,99,701,student,102,2026-01-14 16:58:49.631447
1056,612,273,student,104,2026-01-15 16:58:49.631447
1057,500,688,student,101,2025-11-24 16:58:49.631447
1058,118,776,student,102,2025-11-03 16:58:49.631447
1059,617,503,student,102,2025-12-29 16:58:49.631447
1060,729,720,faculty,102,2025-10-30 16:58:49.631447
1061,458,292,student,103,2026-01-03 16:58:49.631447
1062,448,463,student,103,2025-12-23 16:58:49.631447
1063,478,158,mentor,103,2025-11-25 16:58:49.631447
1064,596,314,student,103,2025-11-14 16:58:49.631447
1065,671,139,student,104,2025-12-04 16:58:49.631447
1066,290,225,student,101,2025-11-12 16:58:49.631447
1067,236,527,student,101,2025-11-02 16:58:49.631447
1068,5,119,student,104,2025-12-04 16:58:49.631447
1069,297,703,student,104,2025-11-08 16:58:49.631447
1070,375,721,student,101,2025-11-10 16:58:49.631447
1071,414,168,faculty,102,2025-11-15 16:58:49.631447
1072,382,10,student,101,2025-11-16 16:58:49.632444
1073,312,841,student,104,2025-12-01 16:58:49.632444
1074,25,627,faculty,104,2026-01-18 16:58:49.632444
1075,41,889,faculty,101,2025-11-09 16:58:49.632444
1076,362,878,student,101,2025-12-21 16:58:49.632444
1077,397,901,student,103,2025-11-26 16:58:49.632444
1078,271,692,faculty,104,2025-11-27 16:58:49.632444
1079,208,942,mentor,101,2026-01-21 16:58:49.632444
1080,494,757,student,103,2025-11-08 16:58:49.632444
1081,656,307,student,104,2025-12-21 16:58:49.632444
1082,486,381,student,101,2026-01-07 16:58:49.632444
1083,269,248,mentor,102,2026-01-14 16:58:49.632444
1084,61,428,mentor,104,2025-11-05 16:58:49.632444
1085,202,763,student,102,2025-11-12 16:58:49.632444
1086,442,729,student,104,2025-12-10 16:58:49.632444
1087,745,163,student,104,2025-11-26 16:58:49.632444
1088,565,860,faculty,101,2026-01-07 16:58:49.632444
1089,290,541,student,101,2025-12-13 16:58:49.632444
1090,632,443,mentor,101,2025-11-30 16:58:49.632444
1091,368,381,faculty,102,2025-10-30 16:58:49.632444
1092,1,808,student,101,2026-01-10 16:58:49.632444
1093,738,11,student,102,2025-12-25 16:58:49.632444
1094,206,486,student,102,2025-11-23 16:58:49.632444
1095,772,795,student,102,2025-12-20 16:58:49.632444
1096,60,751,faculty,102,2025-12-17 16:58:49.632444
1097,566,283,student,103,2026-01-04 16:58:49.632444
1098,65,1,student,103,2025-12-24 16:58:49.632444
1099,598,18,student,102,2025-11-15 16:58:49.632444
1100,26,236,student,102,2026-01-08 16:58:49.632444
1101,515,841,student,101,2025-12-15 16:58:49.632444
1102,389,764,student,102,2025-12-15 16:58:49.632444
1103,658,749,student,104,2025-12-14 16:58:49.632444
1104,782,737,faculty,103,2025-11-25 16:58:49.632444
1105,91,238,faculty,104,2025-11-27 16:58:49.632444
1106,446,905,mentor,103,2026-01-02 16:58:49.632444
1107,709,700,student,103,2025-11-18 16:58:49.632444
1108,730,640,faculty,102,2025-12-13 16:58:49.632444
1109,110,938,student,103,2025-12-22 16:58:49.632444
1110,588,666,student,103,2025-12-12 16:58:49.632444
1111,613,256,faculty,104,2025-12-30 16:58:49.632444
1112,748,284,mentor,102,2025-11-07 16:58:49.632444
1113,655,657,student,101,2025-11-26 16:58:49.632444
1114,700,771,student,103,2026-01-11 16:58:49.632444
1115,680,739,mentor,104,2025-11-02 16:58:49.632444
1116,522,902,student,103,2025-11-26 16:58:49.632444
1117,60,577,student,102,2025-11-22 16:58:49.632444
1118,314,394,student,104,2025-12-24 16:58:49.632444
1119,669,407,student,103,2025-11-20 16:58:49.632444
1120,336,911,student,102,2025-11-25 16:58:49.632444
1121,776,31,student,104,2025-11-19 16:58:49.632444
1122,132,477,student,104,2025-12-01 16:58:49.632444
1123,674,971,faculty,101,2025-11-21 16:58:49.632444
1124,241,32,student,104,2025-11-19 16:58:49.632444
1125,631,920,student,101,2025-12-16 16:58:49.632444
1126,634,505,student,103,2026-01-21 16:58:49.632444
1127,547,548,student,103,2025-12-30 16:58:49.632444
1128,459,823,student,101,2025-11-23 16:58:49.632444
1129,718,967,student,103,2026-01-20 16:58:49.632444
1130,105,59,student,104,2026-01-21 16:58:49.632444
1131,500,376,student,103,2025-11-03 16:58:49.632444
1132,64,47,faculty,103,2025-11-23 16:58:49.632444
1133,436,338,student,103,2026-01-03 16:58:49.632444
1134,371,507,mentor,102,2025-12-25 16:58:49.632444
1135,379,386,student,102,2025-11-29 16:58:49.632444
1136,377,165,student,103,2025-11-14 16:58:49.632444
1137,536,784,student,102,2025-12-16 16:58:49.632444
1138,646,488,student,101,2026-01-17 16:58:49.632444
1139,33,117,student,104,2025-12-07 16:58:49.632444
1140,208,631,student,101,2025-10-30 16:58:49.632444
1141,311,867,student,102,2025-12-18 16:58:49.632444
1142,176,29,student,104,2025-11-26 16:58:49.632444
1143,33,584,student,101,2025-11-11 16:58:49.632444
1144,31,240,student,103,2025-12-23 16:58:49.632444
1145,402,263,mentor,104,2025-11-03 16:58:49.632444
1146,558,817,student,104,2025-11-25 16:58:49.632444
1147,656,377,student,101,2025-11-27 16:58:49.632444
1148,158,479,student,104,2026-01-17 16:58:49.632444
1149,778,345,student,102,2026-01-14 16:58:49.632444
1150,259,842,faculty,104,2025-12-11 16:58:49.632444
1151,158,634,student,102,2025-11-23 16:58:49.632444
1152,752,879,faculty,102,2025-11-20 16:58:49.632444
1153,286,559,student,103,2025-12-10 16:58:49.632444
1154,87,130,student,102,2026-01-17 16:58:49.632444
1155,646,20,student,101,2025-11-17 16:58:49.632444
1156,518,334,faculty,104,2025-12-23 16:58:49.632444
1157,584,357,mentor,102,2025-11-12 16:58:49.632444
1158,105,575,student,104,2026-01-11 16:58:49.632444
1159,451,519,faculty,104,2025-12-24 16:58:49.632444
1160,124,666,student,102,2025-11-18 16:58:49.632444
1161,9,528,student,103,2025-11-14 16:58:49.632444
1162,116,961,student,104,2025-12-06 16:58:49.632444
1163,575,501,mentor,101,2026-01-26 16:58:49.632444
1164,512,468,student,104,2025-12-19 16:58:49.632444
1165,133,476,faculty,103,2026-01-11 16:58:49.632444
1166,620,595,student,101,2025-10-31 16:58:49.632444
1167,571,57,student,103,2025-12-17 16:58:49.632444
1168,745,251,student,103,2026-01-27 16:58:49.632444
1169,554,544,student,102,2025-11-10 16:58:49.632444
1170,475,490,mentor,103,2026-01-05 16:58:49.632444
1171,138,627,student,102,2026-01-12 16:58:49.632444
1172,310,305,student,103,2026-01-10 16:58:49.632444
1173,14,568,student,103,2025-11-27 16:58:49.632444
1174,39,655,faculty,104,2025-12-28 16:58:49.632444
1175,318,355,faculty,101,2026-01-01 16:58:49.632444
1176,127,854,student,104,2025-12-28 16:58:49.632444
1177,543,318,student,103,2025-12-01 16:58:49.632444
1178,426,869,student,103,2025-12-06 16:58:49.632444
1179,278,857,faculty,102,2026-01-27 16:58:49.632444
1180,669,547,student,101,2025-10-31 16:58:49.632444
1181,540,880,student,104,2025-12-13 16:58:49.632444
1182,24,780,student,101,2025-12-18 16:58:49.632444
1183,324,719,student,102,2026-01-18 16:58:49.632444
1184,87,936,faculty,102,2026-01-18 16:58:49.632444
1185,241,282,student,104,2025-11-08 16:58:49.632444
1186,116,557,student,102,2025-12-30 16:58:49.632444
1187,436,436,faculty,101,2025-12-19 16:58:49.632444
1188,567,981,student,102,2025-11-24 16:58:49.632444
1189,26,358,student,103,2026-01-18 16:58:49.632444
1190,309,424,student,102,2026-01-19 16:58:49.632444
1191,707,828,student,101,2025-12-11 16:58:49.632444
1192,455,812,student,101,2025-12-12 16:58:49.632444
1193,579,49,student,101,2026-01-06 16:58:49.632444
1194,716,467,student,102,2026-01-13 16:58:49.632444
1195,31,773,faculty,103,2025-12-30 16:58:49.632444
1196,671,878,mentor,101,2025-11-01 16:58:49.632444
1197,101,468,mentor,103,2026-01-11 16:58:49.632444
1198,767,540,student,101,2025-11-02 16:58:49.632444
1199,454,330,student,101,2025-12-30 16:58:49.632444
1200,492,713,faculty,104,2025-12-21 16:58:49.632444
1201,499,655,student,101,2025-11-27 16:58:49.632444
1202,246,282,mentor,103,2025-11-02 16:58:49.632444
1203,160,89,student,102,2025-11-07 16:58:49.632444
1204,463,897,student,104,2025-11-14 16:58:49.632444
1205,117,236,student,101,2025-12-16 16:58:49.632444
1206,774,172,student,102,2025-11-21 16:58:49.632444
1207,724,322,student,102,2026-01-28 16:58:49.632444
1208,371,276,student,104,2025-12-06 16:58:49.632444
1209,680,218,student,101,2025-11-27 16:58:49.632444
1210,438,511,faculty,101,2026-01-02 16:58:49.632444
1211,602,201,student,104,2026-01-08 16:58:49.632444
1212,207,647,student,104,2026-01-19 16:58:49.632444
1213,497,641,student,104,2026-01-04 16:58:49.632444
1214,611,331,student,103,2025-11-15 16:58:49.632444
1215,315,864,mentor,102,2025-12-24 16:58:49.632444
1216,313,867,student,102,2025-12-13 16:58:49.632444
1217,121,380,student,103,2025-12-30 16:58:49.632444
1218,430,91,faculty,101,2025-11-30 16:58:49.632444
1219,282,869,student,103,2025-11-16 16:58:49.632444
1220,560,101,student,102,2025-11-04 16:58:49.632444
1221,363,126,student,102,2025-12-09 16:58:49.632444
1222,699,312,student,104,2025-12-06 16:58:49.632444
1223,1,474,student,104,2025-12-25 16:58:49.632444
1224,510,270,student,103,2025-11-22 16:58:49.632444
1225,545,647,student,102,2025-12-18 16:58:49.632444
1226,638,780,student,102,2025-11-13 16:58:49.632444
1227,112,700,student,102,2025-12-20 16:58:49.632444
1228,87,250,faculty,101,2025-11-05 16:58:49.632444
1229,284,183,student,101,2025-11-12 16:58:49.632444
1230,482,336,faculty,101,2025-12-01 16:58:49.632444
1231,404,713,mentor,104,2025-11-25 16:58:49.632444
1232,788,720,faculty,104,2025-12-10 16:58:49.632444
1233,792,585,faculty,103,2026-01-02 16:58:49.632444
1234,421,939,faculty,102,2026-01-24 16:58:49.632444
1235,337,245,student,102,2025-12-15 16:58:49.632444
1236,357,752,student,103,2025-12-14 16:58:49.632444
1237,396,32,student,101,2025-12-11 16:58:49.632444
1238,380,169,student,104,2025-11-22 16:58:49.632444
1239,756,190,student,103,2025-11-22 16:58:49.632444
1240,340,847,faculty,102,2026-01-14 16:58:49.632444
1241,622,874,student,104,2026-01-25 16:58:49.632444
1242,139,47,student,102,2025-12-10 16:58:49.632444
1243,86,885,student,101,2026-01-26 16:58:49.632444
1244,352,225,faculty,103,2025-11-06 16:58:49.632444
1245,736,923,student,102,2025-12-28 16:58:49.632444
1246,12,25,mentor,101,2025-12-30 16:58:49.632444
1247,616,187,mentor,103,2025-11-24 16:58:49.632444
1248,9,619,student,101,2025-11-24 16:58:49.632444
1249,543,100,student,102,2025-11-14 16:58:49.632444
1250,368,287,student,101,2025-11-01 16:58:49.632444
1251,666,180,student,101,2026-01-19 16:58:49.632444
1252,600,316,student,103,2026-01-09 16:58:49.632444
1253,278,919,faculty,102,2025-10-31 16:58:49.632444
1254,453,632,student,101,2026-01-12 16:58:49.632444
1255,631,750,student,104,2025-11-03 16:58:49.632444
1256,220,598,student,102,2025-11-12 16:58:49.632444
1257,116,416,student,102,2025-12-28 16:58:49.632444
1258,333,490,student,104,2025-11-09 16:58:49.632444
1259,145,70,student,102,2025-11-08 16:58:49.632444
1260,261,860,student,103,2025-12-23 16:58:49.632444
1261,617,527,mentor,101,2025-11-27 16:58:49.632444
1262,198,730,student,103,2025-12-20 16:58:49.632444
1263,350,843,student,102,2026-01-18 16:58:49.632444
1264,584,229,student,102,2026-01-28 16:58:49.632444
1265,346,536,student,103,2025-12-18 16:58:49.632444
1266,473,272,faculty,104,2025-12-20 16:58:49.632444
1267,478,950,student,103,2025-12-19 16:58:49.632444
1268,122,456,student,104,2026-01-16 16:58:49.632444
1269,531,563,student,102,2026-01-07 16:58:49.632444
1270,677,247,mentor,103,2025-10-31 16:58:49.632444
1271,96,46,student,104,2025-12-03 16:58:49.632444
1272,418,107,student,102,2025-11-05 16:58:49.632444
1273,694,157,student,103,2025-11-17 16:58:49.632444
1274,338,62,student,104,2025-11-22 16:58:49.632444
1275,196,542,student,101,2025-12-18 16:58:49.632444
1276,259,298,faculty,102,2025-11-18 16:58:49.632444
1277,219,936,student,103,2025-12-13 16:58:49.632444
1278,442,655,faculty,103,2025-12-31 16:58:49.632444
1279,199,932,mentor,103,2025-12-08 16:58:49.632444
1280,605,25,student,102,2025-11-06 16:58:49.632444
1281,453,859,student,104,2025-12-19 16:58:49.632444
1282,609,950,student,103,2025-11-04 16:58:49.632444
1283,332,743,student,101,2026-01-19 16:58:49.632444
1284,597,894,student,104,2025-12-21 16:58:49.632444
1285,678,311,student,101,2026-01-03 16:58:49.632444
1286,207,986,student,102,2026-01-03 16:58:49.632444
1287,651,700,student,102,2026-01-11 16:58:49.632444
1288,399,969,mentor,102,2025-12-19 16:58:49.632444
1289,108,473,student,102,2025-12-01 16:58:49.632444
1290,116,713,student,104,2025-11-21 16:58:49.632444
1291,430,169,mentor,102,2025-12-25 16:58:49.632444
1292,246,268,student,102,2025-11-13 16:58:49.632444
1293,115,232,student,104,2025-12-08 16:58:49.632444
1294,634,902,student,102,2026-01-07 16:58:49.632444
1295,619,43,student,104,2026-01-06 16:58:49.632444
1296,798,951,mentor,103,2026-01-24 16:58:49.632444
1297,502,382,mentor,103,2025-12-04 16:58:49.632444
1298,111,57,student,102,2025-12-07 16:58:49.632444
1299,708,951,student,103,2025-11-06 16:58:49.632444
1300,329,583,faculty,103,2025-12-28 16:58:49.632444
1301,601,706,student,101,2025-11-03 16:58:49.632444
1302,552,144,student,103,2026-01-10 16:58:49.632444
1303,396,110,student,104,2026-01-25 16:58:49.632444
1304,366,153,faculty,103,2025-12-09 16:58:49.632444
1305,763,862,student,102,2026-01-07 16:58:49.632444
1306,388,169,faculty,103,2026-01-22 16:58:49.632444
1307,495,547,faculty,103,2026-01-13 16:58:49.632444
1308,669,116,faculty,103,2025-12-31 16:58:49.632444
1309,471,669,mentor,103,2025-12-01 16:58:49.632444
1310,295,897,student,102,2025-12-28 16:58:49.632444
1311,723,328,faculty,102,2026-01-04 16:58:49.632444
1312,74,722,faculty,102,2025-11-27 16:58:49.632444
1313,42,890,mentor,103,2025-12-04 16:58:49.632444
1314,792,306,student,101,2025-11-10 16:58:49.632444
1315,183,326,student,102,2025-11-04 16:58:49.632444
1316,414,217,student,104,2025-11-14 16:58:49.632444
1317,348,850,mentor,101,2025-11-10 16:58:49.632444
1318,431,173,student,101,2025-12-27 16:58:49.632444
1319,295,913,student,102,2026-01-19 16:58:49.632444
1320,686,6,student,101,2025-11-21 16:58:49.632444
1321,28,823,student,101,2025-12-14 16:58:49.632444
1322,761,797,student,104,2025-11-02 16:58:49.632444
1323,330,38,student,101,2026-01-20 16:58:49.632444
1324,241,446,mentor,103,2025-12-31 16:58:49.632444
1325,221,443,student,102,2026-01-22 16:58:49.632444
1326,175,691,faculty,102,2025-12-15 16:58:49.632444
1327,516,178,student,101,2025-12-30 16:58:49.632444
1328,425,148,mentor,102,2026-01-04 16:58:49.632444
1329,358,121,student,102,2025-12-27 16:58:49.632444
1330,740,704,student,102,2025-12-31 16:58:49.632444
1331,130,119,student,101,2026-01-07 16:58:49.632444
1332,694,352,student,101,2025-11-29 16:58:49.632444
1333,446,194,faculty,103,2025-11-10 16:58:49.632444
1334,370,148,student,101,2026-01-03 16:58:49.632444
1335,689,655,student,102,2026-01-27 16:58:49.632444
1336,389,763,student,104,2025-11-12 16:58:49.632444
1337,163,327,student,102,2025-12-07 16:58:49.632444
1338,469,359,faculty,101,2025-11-29 16:58:49.632444
1339,773,651,student,104,2025-11-07 16:58:49.632444
1340,453,121,faculty,101,2026-01-07 16:58:49.632444
1341,206,443,faculty,103,2025-11-01 16:58:49.632444
1342,780,700,student,101,2025-12-20 16:58:49.632444
1343,759,992,faculty,101,2025-11-01 16:58:49.632444
1344,287,580,mentor,103,2025-11-17 16:58:49.632444
1345,109,16,student,102,2025-12-29 16:58:49.632444
1346,697,103,mentor,102,2026-01-25 16:58:49.632444
1347,190,961,student,101,2026-01-08 16:58:49.632444
1348,225,872,faculty,103,2025-12-06 16:58:49.632444
1349,250,832,student,101,2026-01-25 16:58:49.632444
1350,475,637,student,104,2025-12-29 16:58:49.632444
1351,81,580,student,102,2025-11-06 16:58:49.632444
1352,699,573,student,104,2025-11-09 16:58:49.632444
1353,318,738,student,101,2025-12-03 16:58:49.632444
1354,367,271,student,102,2025-11-26 16:58:49.632444
1355,543,320,student,104,2025-12-03 16:58:49.632444
1356,523,82,student,102,2025-12-16 16:58:49.632444
1357,90,95,mentor,103,2025-11-28 16:58:49.632444
1358,57,835,faculty,104,2026-01-24 16:58:49.632444
1359,684,40,student,102,2025-12-09 16:58:49.632444
1360,634,397,student,103,2025-10-31 16:58:49.632444
1361,312,260,mentor,102,2025-12-18 16:58:49.632444
1362,689,726,student,103,2025-12-14 16:58:49.632444
1363,488,517,student,101,2025-12-14 16:58:49.632444
1364,760,646,faculty,103,2025-10-30 16:58:49.632444
1365,601,73,faculty,102,2025-11-15 16:58:49.632444
1366,658,337,student,103,2025-11-02 16:58:49.632444
1367,182,478,student,101,2025-11-19 16:58:49.632444
1368,115,74,student,101,2026-01-24 16:58:49.632444
1369,300,350,faculty,103,2026-01-13 16:58:49.632444
1370,583,448,student,102,2025-11-16 16:58:49.632444
1371,59,758,student,104,2026-01-20 16:58:49.632444
1372,74,592,mentor,104,2026-01-13 16:58:49.632444
1373,467,844,student,102,2025-11-01 16:58:49.632444
1374,625,444,student,104,2025-11-04 16:58:49.632444
1375,194,261,student,104,2026-01-13 16:58:49.632444
1376,210,5,student,101,2026-01-20 16:58:49.632444
1377,90,271,student,103,2025-12-05 16:58:49.632444
1378,151,930,mentor,102,2025-11-24 16:58:49.632444
1379,205,724,faculty,101,2025-11-14 16:58:49.632444
1380,468,906,faculty,103,2026-01-05 16:58:49.632444
1381,282,390,student,102,2026-01-13 16:58:49.632444
1382,121,938,student,102,2025-12-13 16:58:49.632444
1383,600,845,faculty,103,2025-12-11 16:58:49.632444
1384,435,752,student,104,2025-11-17 16:58:49.632444
1385,607,42,student,103,2026-01-25 16:58:49.632444
1386,288,218,student,102,2026-01-18 16:58:49.632444
1387,720,623,faculty,101,2025-11-11 16:58:49.632444
1388,125,829,mentor,104,2025-12-01 16:58:49.632444
1389,507,717,student,101,2025-12-25 16:58:49.632444
1390,238,89,student,102,2025-12-14 16:58:49.632444
1391,343,309,student,101,2025-10-30 16:58:49.632444
1392,593,401,mentor,102,2025-12-18 16:58:49.632444
1393,181,648,student,102,2025-11-11 16:58:49.632444
1394,201,595,faculty,102,2025-12-19 16:58:49.632444
1395,161,739,faculty,101,2025-11-06 16:58:49.632444
1396,105,419,student,104,2025-11-24 16:58:49.632444
1397,307,26,student,104,2025-12-03 16:58:49.632444
1398,795,153,faculty,102,2026-01-07 16:58:49.632444
1399,207,386,student,104,2025-12-22 16:58:49.632444
1400,519,965,student,103,2026-01-21 16:58:49.632444
1401,216,881,student,103,2026-01-02 16:58:49.632444
1402,644,423,student,104,2025-11-27 16:58:49.632444
1403,558,526,student,104,2025-11-24 16:58:49.632444
1404,344,471,student,103,2026-01-27 16:58:49.632444
1405,82,34,student,104,2025-12-12 16:58:49.632444
1406,274,519,student,102,2026-01-21 16:58:49.632444
1407,385,146,student,101,2026-01-17 16:58:49.632444
1408,744,432,student,102,2025-12-11 16:58:49.632444
1409,81,419,mentor,102,2025-12-11 16:58:49.632444
1410,554,366,faculty,102,2026-01-10 16:58:49.632444
1411,513,122,student,103,2026-01-26 16:58:49.632444
1412,394,109,student,103,2025-11-29 16:58:49.632444
1413,627,631,student,101,2025-11-08 16:58:49.632444
1414,398,573,student,103,2026-01-16 16:58:49.632444
1415,308,717,student,102,2025-11-22 16:58:49.632444
1416,130,504,faculty,104,2025-11-17 16:58:49.632444
1417,572,834,student,104,2025-12-02 16:58:49.632444
1418,192,682,student,101,2025-11-05 16:58:49.632444
1419,704,644,student,101,2025-11-09 16:58:49.632444
1420,638,90,student,104,2026-01-15 16:58:49.632444
1421,202,21,faculty,103,2025-10-31 16:58:49.632444
1422,100,928,student,101,2026-01-10 16:58:49.632444
1423,355,732,student,103,2026-01-06 16:58:49.632444
1424,759,157,student,103,2025-11-03 16:58:49.632444
1425,528,492,student,101,2025-12-28 16:58:49.632444
1426,125,539,student,104,2025-11-08 16:58:49.632444
1427,645,299,student,101,2025-11-23 16:58:49.632444
1428,756,690,faculty,103,2025-11-14 16:58:49.632444
1429,741,642,faculty,101,2025-11-15 16:58:49.632444
1430,650,690,student,103,2025-11-01 16:58:49.632444
1431,316,330,student,102,2026-01-16 16:58:49.632444
1432,295,476,faculty,103,2025-11-15 16:58:49.632444
1433,282,437,student,101,2026-01-02 16:58:49.632444
1434,61,608,faculty,103,2025-11-07 16:58:49.632444
1435,223,887,student,103,2025-12-13 16:58:49.632444
1436,136,743,student,101,2026-01-24 16:58:49.632444
1437,576,918,faculty,102,2025-11-20 16:58:49.632444
1438,92,223,mentor,102,2026-01-13 16:58:49.632444
1439,250,803,student,104,2025-12-30 16:58:49.632444
1440,105,420,student,103,2025-11-24 16:58:49.632444
1441,333,169,student,102,2025-12-15 16:58:49.632444
1442,91,584,student,103,2025-12-04 16:58:49.632444
1443,587,758,faculty,104,2025-11-20 16:58:49.632444
1444,394,860,student,104,2026-01-07 16:58:49.632444
1445,797,327,student,102,2026-01-13 16:58:49.632444
1446,768,24,student,102,2025-11-08 16:58:49.632444
1447,414,666,mentor,101,2026-01-10 16:58:49.632444
1448,125,520,student,101,2025-11-12 16:58:49.632444
1449,525,575,student,103,2025-11-30 16:58:49.632444
1450,506,381,student,103,2025-12-22 16:58:49.632444
1451,223,653,student,101,2025-11-18 16:58:49.632444
1452,407,767,student,102,2025-11-07 16:58:49.632444
1453,272,739,student,104,2025-12-06 16:58:49.632444
1454,433,530,student,102,2025-12-24 16:58:49.632444
1455,697,137,student,102,2025-11-04 16:58:49.632444
1456,173,963,student,101,2025-12-10 16:58:49.632444
1457,731,817,student,102,2025-11-25 16:58:49.632444
1458,55,421,faculty,101,2026-01-26 16:58:49.632444
1459,433,852,faculty,101,2025-12-27 16:58:49.632444
1460,330,413,student,101,2025-12-10 16:58:49.632444
1461,725,296,mentor,103,2025-12-29 16:58:49.632444
1462,160,891,student,104,2025-12-13 16:58:49.632444
1463,756,502,faculty,103,2026-01-11 16:58:49.632444
1464,736,505,faculty,103,2025-11-05 16:58:49.632444
1465,504,844,student,101,2025-11-29 16:58:49.632444
1466,71,235,student,104,2025-10-31 16:58:49.632444
1467,788,666,student,103,2025-11-30 16:58:49.632444
1468,20,558,student,104,2025-11-22 16:58:49.632444
1469,644,674,faculty,101,2025-10-30 16:58:49.632444
1470,83,375,student,103,2025-11-06 16:58:49.632444
1471,285,975,student,102,2025-11-15 16:58:49.632444
1472,245,639,student,104,2026-01-15 16:58:49.632444
1473,470,506,student,102,2025-11-30 16:58:49.632444
1474,632,57,faculty,101,2026-01-18 16:58:49.632444
1475,624,263,student,103,2025-10-31 16:58:49.632444
1476,10,172,student,101,2025-12-24 16:58:49.632444
1477,752,196,student,103,2025-10-30 16:58:49.632444
1478,634,32,student,101,2025-12-06 16:58:49.632444
1479,663,44,mentor,101,2025-11-24 16:58:49.632444
1480,125,937,student,101,2026-01-19 16:58:49.632444
1481,141,722,student,103,2026-01-04 16:58:49.632444
1482,688,102,faculty,103,2025-12-06 16:58:49.632444
1483,792,519,student,102,2025-12-07 16:58:49.632444
1484,478,774,faculty,101,2025-12-24 16:58:49.632444
1485,14,341,student,104,2025-11-07 16:58:49.632444
1486,511,909,student,101,2025-12-11 16:58:49.632444
1487,770,280,student,102,2026-01-19 16:58:49.632444
1488,3,413,student,101,2025-12-15 16:58:49.632444
1489,442,833,student,102,2025-11-25 16:58:49.632444
1490,777,767,student,101,2025-11-09 16:58:49.632444
1491,442,796,faculty,102,2025-11-07 16:58:49.632444
1492,51,978,student,103,2025-11-10 16:58:49.632444
1493,83,696,student,104,2025-12-30 16:58:49.632444
1494,691,269,student,101,2025-12-24 16:58:49.632444
1495,132,766,student,102,2025-12-22 16:58:49.632444
1496,35,213,student,104,2026-01-24 16:58:49.632444
1497,639,469,student,101,2025-11-05 16:58:49.632444
1498,458,477,student,104,2026-01-27 16:58:49.632444
1499,365,943,student,102,2025-11-12 16:58:49.632444
1500,339,28,student,102,2025-12-09 16:58:49.632444
1501,162,411,student,101,2025-11-21 16:58:49.632444
1502,671,151,mentor,102,2026-01-23 16:58:49.632444
1503,324,130,student,102,2026-01-25 16:58:49.632444
1504,485,323,student,101,2026-01-09 16:58:49.632444
1505,133,694,student,101,2025-11-07 16:58:49.632444
1506,566,569,student,103,2026-01-02 16:58:49.632444
1507,796,508,faculty,103,2025-12-10 16:58:49.632444
1508,726,788,student,104,2026-01-15 16:58:49.632444
1509,327,893,student,101,2026-01-15 16:58:49.632444
1510,71,465,student,102,2025-12-21 16:58:49.632444
1511,329,747,student,101,2025-12-07 16:58:49.632444
1512,118,114,student,101,2025-11-19 16:58:49.632444
1513,128,486,student,101,2025-11-24 16:58:49.632444
1514,629,947,student,104,2026-01-03 16:58:49.632444
1515,787,658,student,101,2025-12-29 16:58:49.632444
1516,674,105,student,103,2025-11-18 16:58:49.632444
1517,727,381,faculty,102,2026-01-02 16:58:49.632444
1518,212,46,faculty,103,2025-12-14 16:58:49.632444
1519,97,766,student,101,2025-12-20 16:58:49.632444
1520,365,333,student,103,2026-01-02 16:58:49.632444
1521,98,255,faculty,101,2025-11-29 16:58:49.632444
1522,436,671,student,102,2025-12-31 16:58:49.632444
1523,684,887,student,103,2025-12-13 16:58:49.632444
1524,1,69,student,104,2026-01-04 16:58:49.632444
1525,785,853,student,101,2025-11-04 16:58:49.632444
1526,481,284,student,101,2025-11-14 16:58:49.632444
1527,543,125,mentor,104,2026-01-03 16:58:49.632444
1528,646,44,student,102,2026-01-22 16:58:49.632444
1529,374,291,faculty,104,2026-01-26 16:58:49.632444
1530,194,552,student,101,2025-11-04 16:58:49.632444
1531,611,995,student,102,2025-11-23 16:58:49.632444
1532,513,823,faculty,102,2025-12-25 16:58:49.632444
1533,247,211,student,104,2026-01-10 16:58:49.632444
1534,158,850,student,102,2025-12-16 16:58:49.632444
1535,175,797,faculty,103,2025-11-08 16:58:49.632444
1536,98,29,student,104,2025-12-10 16:58:49.632444
1537,255,705,student,101,2025-12-01 16:58:49.632444
1538,245,654,faculty,102,2025-12-27 16:58:49.632444
1539,587,895,student,103,2025-12-19 16:58:49.632444
1540,573,217,faculty,101,2026-01-18 16:58:49.632444
1541,120,422,student,101,2025-11-05 16:58:49.632444
1542,412,826,student,104,2025-12-03 16:58:49.632444
1543,686,61,student,101,2025-12-16 16:58:49.632444
1544,740,530,student,104,2025-11-01 16:58:49.632444
1545,391,135,student,104,2025-12-17 16:58:49.632444
1546,144,320,student,102,2026-01-26 16:58:49.632444
1547,786,661,student,102,2025-12-22 16:58:49.632444
1548,504,207,faculty,103,2026-01-24 16:58:49.632444
1549,282,657,faculty,102,2025-12-28 16:58:49.632444
1550,478,697,student,101,2025-11-06 16:58:49.632444
1551,703,623,student,101,2025-11-18 16:58:49.632444
1552,576,61,mentor,104,2025-11-03 16:58:49.632444
1553,591,689,student,102,2026-01-15 16:58:49.632444
1554,210,14,faculty,101,2025-11-12 16:58:49.632444
1555,214,261,student,101,2025-11-29 16:58:49.632444
1556,91,634,student,101,2026-01-07 16:58:49.632444
1557,154,36,student,102,2025-11-08 16:58:49.632444
1558,789,426,faculty,101,2025-11-16 16:58:49.632444
1559,796,234,student,104,2025-12-17 16:58:49.632444
1560,437,715,student,101,2025-12-22 16:58:49.632444
1561,757,625,student,104,2025-12-14 16:58:49.632444
1562,107,131,student,103,2026-01-19 16:58:49.632444
1563,628,458,mentor,102,2026-01-15 16:58:49.632444
1564,748,123,faculty,103,2025-12-23 16:58:49.632444
1565,261,139,student,101,2025-10-31 16:58:49.632444
1566,610,23,student,102,2026-01-01 16:58:49.632444
1567,592,672,student,102,2025-12-05 16:58:49.632444
1568,614,494,student,102,2025-12-14 16:58:49.632444
1569,150,895,student,104,2025-12-28 16:58:49.632444
1570,94,405,student,102,2026-01-09 16:58:49.632444
1571,362,964,mentor,102,2025-11-06 16:58:49.632444
1572,363,263,student,104,2025-11-14 16:58:49.632444
1573,69,329,mentor,103,2025-12-27 16:58:49.632444
1574,647,133,student,102,2025-11-13 16:58:49.632444
1575,271,721,mentor,102,2025-12-29 16:58:49.632444
1576,445,546,faculty,102,2025-10-30 16:58:49.632444
1577,498,943,student,102,2025-11-26 16:58:49.632444
1578,214,127,student,104,2025-12-06 16:58:49.632444
1579,79,137,student,104,2026-01-03 16:58:49.632444
1580,367,526,student,102,2025-10-30 16:58:49.632444
1581,387,292,student,104,2025-12-18 16:58:49.632444
1582,1,100,faculty,104,2025-11-28 16:58:49.632444
1583,693,291,student,104,2026-01-04 16:58:49.632444
1584,100,713,student,104,2025-12-17 16:58:49.632444
1585,575,966,student,103,2026-01-26 16:58:49.632444
1586,630,88,student,102,2025-12-09 16:58:49.632444
1587,416,597,student,102,2025-10-31 16:58:49.632444
1588,773,96,student,102,2025-12-15 16:58:49.632444
1589,493,826,student,101,2025-11-26 16:58:49.632444
1590,426,990,student,102,2026-01-10 16:58:49.632444
1591,753,977,student,104,2025-12-12 16:58:49.632444
1592,762,880,student,102,2025-11-07 16:58:49.632444
1593,362,4,faculty,101,2026-01-10 16:58:49.632444
1594,136,907,student,104,2026-01-16 16:58:49.632444
1595,9,429,student,102,2026-01-28 16:58:49.632444
1596,172,139,faculty,101,2025-12-13 16:58:49.632444
1597,119,525,student,104,2025-12-11 16:58:49.632444
1598,515,718,faculty,103,2025-11-30 16:58:49.632444
1599,603,98,student,101,2025-12-12 16:58:49.632444
1600,796,847,student,101,2025-11-26 16:58:49.632444
1601,58,285,student,102,2025-11-24 16:58:49.632444
1602,68,682,faculty,104,2025-11-29 16:58:49.632444
1603,481,558,student,102,2025-11-05 16:58:49.632444
1604,121,985,student,104,2025-12-27 16:58:49.632444
1605,421,782,student,101,2025-11-07 16:58:49.632444
1606,345,617,student,103,2025-12-21 16:58:49.632444
1607,204,398,faculty,104,2025-11-30 16:58:49.632444
1608,444,512,student,104,2026-01-17 16:58:49.632444
1609,760,276,student,102,2026-01-28 16:58:49.632444
1610,298,305,student,102,2026-01-20 16:58:49.632444
1611,146,77,student,104,2025-11-04 16:58:49.632444
1612,453,134,student,103,2026-01-05 16:58:49.632444
1613,682,135,faculty,103,2025-10-31 16:58:49.632444
1614,606,926,student,103,2025-11-26 16:58:49.632444
1615,465,68,student,102,2025-11-19 16:58:49.632444
1616,245,970,faculty,103,2025-12-20 16:58:49.632444
1617,516,110,mentor,101,2025-12-13 16:58:49.632444
1618,232,989,student,102,2025-11-01 16:58:49.632444
1619,160,617,student,103,2025-12-01 16:58:49.632444
1620,318,625,student,103,2026-01-02 16:58:49.632444
1621,798,19,student,101,2025-12-02 16:58:49.632444
1622,163,296,student,104,2025-11-02 16:58:49.632444
1623,540,613,faculty,104,2026-01-23 16:58:49.632444
1624,621,689,student,104,2026-01-06 16:58:49.632444
1625,42,26,student,104,2026-01-09 16:58:49.632444
1626,573,713,student,104,2025-12-03 16:58:49.632444
1627,623,78,student,104,2026-01-10 16:58:49.632444
1628,52,879,faculty,104,2025-11-10 16:58:49.632444
1629,191,396,student,102,2025-12-20 16:58:49.632444
1630,173,14,mentor,104,2025-10-31 16:58:49.632444
1631,7,819,student,102,2026-01-17 16:58:49.632444
1632,388,191,student,102,2026-01-03 16:58:49.632444
1633,146,2,mentor,102,2025-12-22 16:58:49.632444
1634,132,502,student,104,2025-12-24 16:58:49.632444
1635,570,179,mentor,104,2025-11-24 16:58:49.632444
1636,233,705,student,104,2026-01-20 16:58:49.632444
1637,219,690,mentor,104,2025-11-20 16:58:49.632444
1638,441,813,mentor,104,2026-01-11 16:58:49.632444
1639,545,624,student,102,2026-01-05 16:58:49.632444
1640,168,941,student,104,2025-11-15 16:58:49.632444
1641,71,175,student,102,2026-01-15 16:58:49.632444
1642,451,426,student,104,2026-01-14 16:58:49.632444
1643,530,164,student,102,2026-01-07 16:58:49.632444
1644,792,192,faculty,103,2025-12-19 16:58:49.632444
1645,463,534,student,101,2026-01-26 16:58:49.632444
1646,209,428,student,103,2025-11-01 16:58:49.632444
1647,719,309,mentor,101,2025-11-07 16:58:49.632444
1648,342,946,student,102,2025-12-25 16:58:49.632444
1649,394,533,student,101,2026-01-25 16:58:49.632444
1650,767,755,student,104,2025-11-23 16:58:49.632444
1651,505,488,student,104,2026-01-08 16:58:49.632444
1652,555,865,student,101,2026-01-21 16:58:49.632444
1653,103,874,student,101,2026-01-28 16:58:49.632444
1654,181,985,student,101,2025-12-20 16:58:49.632444
1655,369,157,student,104,2026-01-16 16:58:49.632444
1656,546,862,student,103,2026-01-16 16:58:49.632444
1657,21,854,student,101,2026-01-19 16:58:49.632444
1658,696,381,faculty,104,2025-11-09 16:58:49.632444
1659,380,193,student,101,2025-12-06 16:58:49.632444
1660,589,869,student,103,2025-11-14 16:58:49.632444
1661,81,858,faculty,102,2026-01-15 16:58:49.632444
1662,272,677,student,103,2025-11-17 16:58:49.632444
1663,301,964,student,101,2025-12-08 16:58:49.632444
1664,191,488,student,101,2026-01-01 16:58:49.633441
1665,674,629,mentor,103,2025-12-25 16:58:49.633441
1666,163,655,student,104,2025-11-20 16:58:49.633441
1667,47,368,student,101,2025-12-16 16:58:49.633441
1668,580,193,student,104,2025-12-05 16:58:49.633441
1669,225,126,faculty,103,2025-12-10 16:58:49.633441
1670,190,942,student,102,2025-11-26 16:58:49.633441
1671,376,408,student,103,2026-01-06 16:58:49.633441
1672,379,85,student,103,2025-11-19 16:58:49.633441
1673,700,312,mentor,101,2025-12-14 16:58:49.633441
1674,29,442,student,104,2025-11-08 16:58:49.633441
1675,689,634,student,103,2025-11-10 16:58:49.633441
1676,235,831,faculty,104,2025-12-17 16:58:49.633441
1677,369,277,faculty,102,2025-12-20 16:58:49.633441
1678,795,505,student,104,2025-11-21 16:58:49.633441
1679,138,928,student,101,2025-11-23 16:58:49.633441
1680,62,887,student,101,2026-01-27 16:58:49.633441
1681,725,296,student,103,2025-11-23 16:58:49.633441
1682,174,927,student,103,2026-01-08 16:58:49.633441
1683,242,759,student,101,2025-11-11 16:58:49.633441
1684,369,641,student,101,2025-12-31 16:58:49.633441
1685,385,223,mentor,103,2025-11-18 16:58:49.633441
1686,42,509,faculty,102,2026-01-10 16:58:49.633441
1687,111,831,mentor,101,2025-12-17 16:58:49.633441
1688,794,783,student,102,2026-01-18 16:58:49.633441
1689,406,713,student,104,2025-11-09 16:58:49.633441
1690,640,517,student,103,2026-01-19 16:58:49.633441
1691,219,542,student,103,2025-12-22 16:58:49.633441
1692,707,934,mentor,103,2025-11-29 16:58:49.633441
1693,741,873,student,104,2026-01-08 16:58:49.633441
1694,443,807,student,103,2026-01-13 16:58:49.633441
1695,227,134,faculty,104,2025-11-25 16:58:49.633441
1696,749,549,student,104,2025-12-26 16:58:49.633441
1697,260,140,mentor,101,2025-11-22 16:58:49.633441
1698,740,57,faculty,104,2025-12-04 16:58:49.633441
1699,483,691,student,104,2025-12-16 16:58:49.633441
1700,485,608,faculty,101,2025-12-22 16:58:49.633441
1701,6,690,student,104,2025-12-24 16:58:49.633441
1702,528,930,student,101,2026-01-25 16:58:49.633441
1703,7,26,student,103,2026-01-12 16:58:49.633441
1704,499,212,student,101,2026-01-07 16:58:49.633441
1705,684,672,student,101,2025-12-03 16:58:49.633441
1706,490,107,student,104,2026-01-17 16:58:49.633441
1707,58,464,faculty,104,2025-11-13 16:58:49.633441
1708,243,767,mentor,104,2026-01-09 16:58:49.633441
1709,595,253,student,103,2025-12-04 16:58:49.633441
1710,187,713,student,104,2025-12-07 16:58:49.633441
1711,245,769,student,103,2026-01-03 16:58:49.633441
1712,300,259,student,104,2025-12-23 16:58:49.633441
1713,527,778,student,102,2025-12-28 16:58:49.633441
1714,136,81,student,103,2026-01-16 16:58:49.633441
1715,80,221,student,104,2025-11-18 16:58:49.633441
1716,374,747,student,104,2026-01-20 16:58:49.633441
1717,634,751,student,101,2026-01-22 16:58:49.633441
1718,556,84,student,101,2026-01-16 16:58:49.633441
1719,788,232,student,104,2025-11-24 16:58:49.633441
1720,175,132,student,101,2025-11-10 16:58:49.633441
1721,651,749,faculty,102,2025-12-02 16:58:49.633441
1722,333,661,student,101,2026-01-11 16:58:49.633441
1723,748,59,student,102,2025-12-20 16:58:49.633441
1724,449,281,student,104,2026-01-27 16:58:49.633441
1725,149,368,student,103,2026-01-11 16:58:49.633441
1726,775,541,student,104,2026-01-26 16:58:49.633441
1727,571,464,student,101,2025-11-29 16:58:49.633441
1728,562,609,mentor,103,2025-12-01 16:58:49.633441
1729,252,541,student,101,2025-12-17 16:58:49.633441
1730,10,49,student,103,2026-01-25 16:58:49.633441
1731,500,410,student,101,2025-12-19 16:58:49.633441
1732,309,268,mentor,101,2025-12-24 16:58:49.633441
1733,741,200,faculty,104,2025-11-24 16:58:49.633441
1734,406,38,student,102,2025-12-22 16:58:49.633441
1735,269,371,student,104,2025-11-11 16:58:49.633441
1736,95,404,student,102,2026-01-15 16:58:49.633441
1737,797,788,student,101,2025-12-21 16:58:49.633441
1738,722,385,student,103,2025-12-05 16:58:49.633441
1739,463,200,student,104,2025-12-28 16:58:49.633441
1740,724,193,student,102,2025-12-10 16:58:49.633441
1741,622,425,student,102,2026-01-20 16:58:49.633441
1742,195,60,student,104,2025-11-26 16:58:49.633441
1743,284,13,student,104,2025-11-04 16:58:49.633441
1744,119,408,student,102,2025-10-31 16:58:49.633441
1745,291,232,faculty,103,2026-01-26 16:58:49.633441
1746,776,348,student,102,2026-01-23 16:58:49.633441
1747,202,744,student,104,2026-01-07 16:58:49.633441
1748,771,763,student,101,2025-12-26 16:58:49.633441
1749,202,367,mentor,101,2025-12-27 16:58:49.633441
1750,466,176,student,104,2026-01-04 16:58:49.633441
1751,451,613,student,104,2025-12-13 16:58:49.633441
1752,129,478,student,101,2026-01-22 16:58:49.633441
1753,673,710,student,101,2025-11-21 16:58:49.633441
1754,322,834,student,101,2026-01-09 16:58:49.633441
1755,470,669,student,103,2025-12-05 16:58:49.633441
1756,220,304,student,104,2026-01-24 16:58:49.633441
1757,715,899,student,101,2025-11-24 16:58:49.633441
1758,296,269,faculty,103,2025-12-25 16:58:49.633441
1759,56,261,student,101,2025-11-16 16:58:49.633441
1760,556,238,student,104,2026-01-01 16:58:49.633441
1761,475,161,mentor,102,2026-01-17 16:58:49.633441
1762,597,87,student,103,2026-01-01 16:58:49.633441
1763,133,135,student,101,2026-01-07 16:58:49.633441
1764,596,192,faculty,101,2026-01-16 16:58:49.633441
1765,768,255,faculty,104,2026-01-14 16:58:49.633441
1766,729,479,mentor,104,2026-01-21 16:58:49.633441
1767,440,12,student,103,2025-11-01 16:58:49.633441
1768,322,80,student,104,2025-11-30 16:58:49.633441
1769,552,52,student,103,2025-11-06 16:58:49.633441
1770,2,855,student,101,2025-12-02 16:58:49.633441
1771,655,604,student,104,2025-11-13 16:58:49.633441
1772,447,557,student,104,2026-01-08 16:58:49.633441
1773,64,537,faculty,102,2025-12-18 16:58:49.633441
1774,27,111,student,104,2025-10-30 16:58:49.633441
1775,105,243,faculty,102,2026-01-14 16:58:49.633441
1776,768,575,student,101,2025-11-30 16:58:49.633441
1777,713,850,faculty,102,2025-12-23 16:58:49.633441
1778,56,180,student,104,2025-11-22 16:58:49.633441
1779,742,840,faculty,101,2025-11-11 16:58:49.633441
1780,469,23,student,104,2025-11-18 16:58:49.633441
1781,128,486,student,102,2026-01-08 16:58:49.633441
1782,412,666,student,104,2025-12-12 16:58:49.633441
1783,252,633,mentor,104,2026-01-22 16:58:49.633441
1784,694,695,student,101,2025-12-23 16:58:49.633441
1785,443,170,student,101,2025-11-03 16:58:49.633441
1786,385,614,student,102,2025-11-05 16:58:49.633441
1787,653,1000,faculty,102,2025-11-07 16:58:49.633441
1788,444,162,student,101,2026-01-06 16:58:49.633441
1789,513,589,student,101,2025-11-30 16:58:49.633441
1790,616,537,student,102,2025-11-11 16:58:49.633441
1791,98,23,student,101,2025-12-25 16:58:49.633441
1792,691,522,student,103,2026-01-06 16:58:49.633441
1793,295,776,student,101,2025-12-14 16:58:49.633441
1794,579,968,student,103,2026-01-08 16:58:49.633441
1795,458,888,student,101,2025-12-14 16:58:49.633441
1796,155,430,faculty,104,2025-11-04 16:58:49.633441
1797,458,94,mentor,104,2025-12-03 16:58:49.633441
1798,554,959,student,103,2025-12-03 16:58:49.633441
1799,466,563,student,102,2025-12-21 16:58:49.633441
1800,28,113,student,103,2025-11-07 16:58:49.633441
1801,208,133,faculty,102,2026-01-05 16:58:49.633441
1802,380,626,student,101,2026-01-27 16:58:49.633441
1803,6,850,student,101,2025-11-17 16:58:49.633441
1804,674,959,student,101,2025-11-05 16:58:49.633441
1805,306,339,student,101,2025-11-13 16:58:49.633441
1806,466,285,student,102,2025-11-18 16:58:49.633441
1807,81,392,student,103,2026-01-03 16:58:49.633441
1808,558,593,faculty,101,2025-11-22 16:58:49.633441
1809,392,763,student,103,2025-11-30 16:58:49.633441
1810,754,783,student,103,2026-01-05 16:58:49.633441
1811,552,62,student,104,2026-01-06 16:58:49.633441
1812,325,76,student,102,2026-01-09 16:58:49.633441
1813,213,842,student,104,2025-12-09 16:58:49.633441
1814,799,427,student,101,2026-01-15 16:58:49.633441
1815,90,397,student,102,2026-01-28 16:58:49.633441
1816,544,845,faculty,104,2025-11-19 16:58:49.633441
1817,422,575,student,101,2025-11-22 16:58:49.633441
1818,421,934,mentor,102,2025-11-03 16:58:49.633441
1819,45,509,student,101,2026-01-02 16:58:49.633441
1820,212,42,mentor,103,2025-12-12 16:58:49.633441
1821,286,68,faculty,101,2025-11-18 16:58:49.633441
1822,110,319,student,101,2025-11-24 16:58:49.633441
1823,629,6,faculty,101,2025-11-23 16:58:49.633441
1824,96,198,mentor,101,2025-10-30 16:58:49.633441
1825,583,2,student,102,2026-01-04 16:58:49.633441
1826,57,148,student,102,2025-12-18 16:58:49.633441
1827,324,191,student,104,2025-11-23 16:58:49.633441
1828,53,380,student,102,2025-12-19 16:58:49.633441
1829,338,906,student,104,2026-01-23 16:58:49.633441
1830,6,405,student,101,2025-11-16 16:58:49.633441
1831,651,631,student,104,2026-01-26 16:58:49.633441
1832,76,80,student,103,2026-01-23 16:58:49.633441
1833,325,722,student,102,2025-11-01 16:58:49.633441
1834,772,504,student,101,2026-01-15 16:58:49.633441
1835,378,878,student,104,2025-11-11 16:58:49.633441
1836,626,920,student,102,2025-11-27 16:58:49.633441
1837,145,826,faculty,102,2025-12-22 16:58:49.633441
1838,261,769,student,103,2026-01-20 16:58:49.633441
1839,509,35,mentor,104,2025-11-24 16:58:49.633441
1840,27,67,student,103,2025-11-18 16:58:49.633441
1841,48,281,faculty,103,2025-11-02 16:58:49.633441
1842,135,800,student,104,2026-01-11 16:58:49.633441
1843,182,888,student,101,2025-12-31 16:58:49.633441
1844,149,299,student,101,2025-11-09 16:58:49.633441
1845,462,389,mentor,101,2025-11-20 16:58:49.633441
1846,273,446,student,101,2025-11-04 16:58:49.633441
1847,423,991,student,102,2026-01-27 16:58:49.633441
1848,613,467,student,101,2026-01-10 16:58:49.633441
1849,414,485,student,104,2025-12-06 16:58:49.633441
1850,624,912,student,101,2025-12-15 16:58:49.633441
1851,730,582,student,101,2025-11-05 16:58:49.633441
1852,376,368,faculty,104,2025-11-19 16:58:49.633441
1853,316,164,student,102,2025-11-06 16:58:49.633441
1854,91,227,faculty,102,2026-01-07 16:58:49.633441
1855,507,993,student,101,2025-12-21 16:58:49.633441
1856,671,248,student,102,2025-11-07 16:58:49.633441
1857,3,868,student,102,2025-11-26 16:58:49.633441
1858,615,881,student,102,2026-01-27 16:58:49.633441
1859,251,441,faculty,102,2025-11-10 16:58:49.633441
1860,374,145,student,103,2025-12-02 16:58:49.633441
1861,553,765,student,102,2025-12-22 16:58:49.633441
1862,765,824,student,102,2026-01-17 16:58:49.633441
1863,278,521,mentor,102,2026-01-13 16:58:49.633441
1864,573,112,student,102,2026-01-04 16:58:49.633441
1865,739,942,student,101,2025-11-10 16:58:49.633441
1866,214,120,student,103,2026-01-16 16:58:49.633441
1867,152,709,student,101,2026-01-26 16:58:49.633441
1868,543,218,faculty,102,2025-11-08 16:58:49.633441
1869,631,255,student,103,2025-12-28 16:58:49.633441
1870,126,491,student,103,2025-12-02 16:58:49.633441
1871,270,156,student,102,2025-11-21 16:58:49.633441
1872,460,796,student,104,2025-12-16 16:58:49.633441
1873,165,631,student,104,2026-01-22 16:58:49.633441
1874,394,864,student,104,2025-12-15 16:58:49.633441
1875,111,344,faculty,102,2025-12-21 16:58:49.633441
1876,368,731,student,103,2025-11-05 16:58:49.633441
1877,603,858,mentor,101,2025-12-22 16:58:49.633441
1878,420,159,faculty,103,2025-12-13 16:58:49.633441
1879,486,526,student,101,2025-11-26 16:58:49.633441
1880,763,163,student,104,2025-11-27 16:58:49.633441
1881,657,998,student,104,2025-11-25 16:58:49.633441
1882,430,294,student,104,2025-12-12 16:58:49.633441
1883,301,404,faculty,103,2025-12-02 16:58:49.633441
1884,332,91,student,103,2026-01-18 16:58:49.633441
1885,252,849,mentor,104,2025-12-22 16:58:49.633441
1886,130,15,student,104,2025-12-16 16:58:49.633441
1887,563,434,mentor,104,2025-11-08 16:58:49.633441
1888,612,705,student,102,2025-11-03 16:58:49.633441
1889,378,359,student,101,2025-12-10 16:58:49.633441
1890,431,658,student,104,2025-11-12 16:58:49.633441
1891,622,630,student,104,2025-11-21 16:58:49.633441
1892,74,727,student,101,2025-12-30 16:58:49.633441
1893,653,287,student,103,2026-01-06 16:58:49.633441
1894,597,200,student,102,2025-11-27 16:58:49.633441
1895,570,973,student,103,2025-11-12 16:58:49.633441
1896,459,726,student,104,2026-01-12 16:58:49.633441
1897,296,144,mentor,104,2025-11-29 16:58:49.633441
1898,331,281,faculty,104,2026-01-12 16:58:49.633441
1899,183,421,student,104,2025-11-15 16:58:49.633441
1900,416,253,student,103,2025-11-18 16:58:49.633441
1901,542,498,student,104,2025-11-10 16:58:49.633441
1902,527,552,faculty,104,2025-12-03 16:58:49.633441
1903,703,278,student,102,2025-12-06 16:58:49.633441
1904,306,278,student,101,2025-12-10 16:58:49.633441
1905,678,908,student,101,2025-11-09 16:58:49.633441
1906,190,740,student,102,2025-12-15 16:58:49.633441
1907,582,410,faculty,101,2025-11-16 16:58:49.633441
1908,351,153,student,101,2025-11-11 16:58:49.633441
1909,484,486,student,101,2026-01-26 16:58:49.633441
1910,267,85,student,104,2025-12-11 16:58:49.633441
1911,34,593,student,102,2026-01-01 16:58:49.633441
1912,799,656,faculty,103,2026-01-08 16:58:49.633441
1913,391,273,faculty,104,2025-12-21 16:58:49.633441
1914,729,213,faculty,104,2026-01-14 16:58:49.633441
1915,268,943,faculty,102,2026-01-14 16:58:49.633441
1916,639,322,student,101,2025-11-03 16:58:49.633441
1917,205,446,student,101,2025-12-30 16:58:49.633441
1918,371,975,faculty,101,2025-12-23 16:58:49.633441
1919,656,688,student,103,2026-01-01 16:58:49.633441
1920,476,689,student,104,2025-11-01 16:58:49.633441
1921,442,443,student,102,2025-11-21 16:58:49.633441
1922,244,27,faculty,103,2025-11-24 16:58:49.633441
1923,733,500,student,102,2025-11-19 16:58:49.633441
1924,675,618,student,102,2025-10-30 16:58:49.633441
1925,142,152,mentor,104,2025-11-19 16:58:49.633441
1926,616,845,student,103,2025-12-27 16:58:49.633441
1927,577,269,student,104,2025-10-30 16:58:49.633441
1928,755,517,student,101,2026-01-10 16:58:49.633441
1929,710,29,faculty,104,2025-11-03 16:58:49.633441
1930,531,92,faculty,101,2026-01-05 16:58:49.633441
1931,562,860,student,101,2025-11-25 16:58:49.633441
1932,447,150,student,104,2025-10-30 16:58:49.633441
1933,552,32,faculty,102,2025-12-07 16:58:49.633441
1934,554,911,mentor,102,2026-01-14 16:58:49.633441
1935,392,359,faculty,103,2025-11-14 16:58:49.633441
1936,572,947,faculty,102,2025-11-10 16:58:49.633441
1937,210,59,student,101,2025-12-19 16:58:49.633441
1938,728,698,faculty,101,2026-01-19 16:58:49.633441
1939,728,165,student,103,2026-01-23 16:58:49.633441
1940,748,654,faculty,101,2025-11-20 16:58:49.633441
1941,766,474,student,102,2026-01-05 16:58:49.633441
1942,792,964,student,101,2025-12-17 16:58:49.633441
1943,586,848,faculty,104,2025-11-02 16:58:49.633441
1944,204,305,faculty,101,2025-12-04 16:58:49.633441
1945,492,986,faculty,104,2025-12-11 16:58:49.633441
1946,471,935,student,102,2026-01-04 16:58:49.633441
1947,697,490,student,104,2025-12-30 16:58:49.633441
1948,79,975,mentor,101,2025-11-03 16:58:49.633441
1949,523,961,student,103,2025-12-16 16:58:49.633441
1950,674,635,faculty,101,2026-01-27 16:58:49.633441
1951,366,520,student,103,2025-11-13 16:58:49.633441
1952,289,774,student,102,2026-01-08 16:58:49.633441
1953,239,769,student,103,2026-01-18 16:58:49.633441
1954,536,789,mentor,104,2025-12-14 16:58:49.633441
1955,710,128,mentor,104,2025-12-02 16:58:49.633441
1956,503,365,mentor,103,2025-12-31 16:58:49.633441
1957,434,841,student,103,2026-01-19 16:58:49.633441
1958,796,637,student,104,2025-11-22 16:58:49.633441
1959,480,362,student,102,2025-11-05 16:58:49.633441
1960,453,216,student,102,2025-12-31 16:58:49.633441
1961,149,580,student,102,2026-01-20 16:58:49.633441
1962,98,550,student,101,2026-01-25 16:58:49.633441
1963,647,975,faculty,104,2025-11-17 16:58:49.633441
1964,705,381,student,102,2025-12-13 16:58:49.633441
1965,719,994,student,102,2025-12-23 16:58:49.633441
1966,400,662,mentor,102,2025-12-15 16:58:49.633441
1967,442,192,faculty,104,2026-01-06 16:58:49.633441
1968,408,535,student,104,2025-12-02 16:58:49.633441
1969,740,272,student,102,2025-12-27 16:58:49.633441
1970,354,750,faculty,104,2025-12-10 16:58:49.633441
1971,250,589,faculty,104,2025-10-31 16:58:49.633441
1972,384,803,student,104,2025-12-17 16:58:49.633441
1973,664,84,faculty,104,2025-11-10 16:58:49.633441
1974,635,24,student,104,2025-11-14 16:58:49.633441
1975,719,839,student,103,2025-11-23 16:58:49.633441
1976,76,285,student,101,2026-01-04 16:58:49.633441
1977,620,458,student,101,2025-12-26 16:58:49.633441
1978,572,555,student,101,2025-11-27 16:58:49.633441
1979,417,657,student,103,2025-12-08 16:58:49.633441
1980,184,91,student,104,2025-12-10 16:58:49.633441
1981,525,270,faculty,101,2026-01-10 16:58:49.633441
1982,430,61,faculty,102,2025-12-05 16:58:49.633441
1983,255,57,student,101,2025-12-15 16:58:49.633441
1984,437,615,faculty,104,2025-11-10 16:58:49.633441
1985,250,346,student,103,2026-01-11 16:58:49.633441
1986,30,397,student,104,2025-12-02 16:58:49.633441
1987,392,552,student,104,2025-11-02 16:58:49.633441
1988,435,494,student,104,2026-01-08 16:58:49.633441
1989,516,397,student,101,2026-01-21 16:58:49.633441
1990,148,705,faculty,103,2025-11-15 16:58:49.633441
1991,334,665,mentor,103,2025-11-08 16:58:49.633441
1992,633,523,faculty,101,2025-11-30 16:58:49.633441
1993,337,472,student,103,2025-11-24 16:58:49.633441
1994,296,963,student,102,2025-11-25 16:58:49.633441
1995,287,433,student,102,2025-10-31 16:58:49.633441
1996,100,916,student,101,2025-11-28 16:58:49.633441
1997,685,751,student,103,2025-12-22 16:58:49.633441
1998,361,475,student,102,2025-11-06 16:58:49.633441
1999,85,301,student,102,2026-01-24 16:58:49.633441
2000,148,245,faculty,104,2026-01-16 16:58:49.633441
