event_id,user_id,event_name,timestamp
1,976,job_view,27:57.4
2,166,job_view,27:57.4
3,134,post,27:57.4
4,686,profile_complete,27:57.4
5,125,post,27:57.4
6,475,post,27:57.4
7,918,job_view,27:57.4
8,841,comment,27:57.4
9,950,job_view,27:57.4
10,385,post,27:57.4
11,823,signup,27:57.4
12,656,job_view,27:57.4
13,73,job_apply,27:57.4
14,163,profile_complete,27:57.4
15,721,job_view,27:57.4
16,241,signup,27:57.4
17,555,post,27:57.4
18,588,post,27:57.4
19,824,job_view,27:57.4
20,60,signup,27:57.4
21,903,job_view,27:57.4
22,167,job_apply,27:57.4
23,589,profile_complete,27:57.4
24,710,job_apply,27:57.4
25,546,profile_complete,27:57.4
26,780,post,27:57.4
27,381,job_apply,27:57.4
28,794,job_view,27:57.4
29,399,signup,27:57.4
30,791,profile_complete,27:57.4
31,321,job_apply,27:57.4
32,861,comment,27:57.4
33,138,comment,27:57.4
34,857,post,27:57.4
35,809,job_apply,27:57.4
36,111,job_view,27:57.4
37,769,profile_complete,27:57.4
38,650,job_apply,27:57.4
39,708,job_apply,27:57.4
40,386,job_apply,27:57.4
41,705,job_apply,27:57.4
42,621,signup,27:57.4
43,934,signup,27:57.4
44,285,signup,27:57.4
45,2,post,27:57.4
46,133,post,27:57.4
47,785,job_view,27:57.4
48,834,post,27:57.4
49,536,job_apply,27:57.4
50,958,post,27:57.4
51,926,job_view,27:57.4
52,314,signup,27:57.4
53,68,job_apply,27:57.4
54,922,comment,27:57.4
55,207,signup,27:57.4
56,156,signup,27:57.4
57,987,signup,27:57.4
58,764,job_apply,27:57.4
59,376,comment,27:57.4
60,174,job_apply,27:57.4
61,301,job_view,27:57.4
62,410,post,27:57.4
63,66,comment,27:57.4
64,908,profile_complete,27:57.4
65,414,post,27:57.4
66,297,signup,27:57.4
67,554,signup,27:57.4
68,58,job_view,27:57.4
69,807,signup,27:57.4
70,895,post,27:57.4
71,963,profile_complete,27:57.4
72,474,post,27:57.4
73,862,comment,27:57.4
74,506,job_apply,27:57.4
75,119,job_view,27:57.4
76,479,profile_complete,27:57.4
77,419,signup,27:57.4
78,368,comment,27:57.4
79,805,post,27:57.4
80,677,post,27:57.4
81,594,post,27:57.4
82,329,comment,27:57.4
83,991,job_apply,27:57.4
84,630,comment,27:57.4
85,729,post,27:57.4
86,946,profile_complete,27:57.4
87,49,profile_complete,27:57.4
88,962,job_view,27:57.4
89,735,comment,27:57.4
90,507,post,27:57.4
91,291,comment,27:57.4
92,646,job_apply,27:57.4
93,659,profile_complete,27:57.4
94,502,comment,27:57.4
95,627,post,27:57.4
96,547,signup,27:57.4
97,335,job_view,27:57.4
98,602,job_apply,27:57.4
99,9,signup,27:57.4
100,205,signup,27:57.4
101,893,job_apply,27:57.4
102,643,job_view,27:57.4
103,624,comment,27:57.4
104,948,job_view,27:57.4
105,78,job_apply,27:57.4
106,533,profile_complete,27:57.4
107,982,post,27:57.4
108,143,job_view,27:57.4
109,577,job_view,27:57.4
110,457,signup,27:57.4
111,316,comment,27:57.4
112,717,post,27:57.4
113,951,signup,27:57.4
114,452,comment,27:57.4
115,79,job_view,27:57.4
116,654,job_view,27:57.4
117,882,signup,27:57.4
118,800,job_apply,27:57.4
119,498,comment,27:57.4
120,460,comment,27:57.4
121,609,profile_complete,27:57.4
122,746,post,27:57.4
123,447,job_apply,27:57.4
124,975,job_apply,27:57.4
125,305,signup,27:57.4
126,658,comment,27:57.4
127,571,job_view,27:57.4
128,246,post,27:57.4
129,984,comment,27:57.4
130,790,job_apply,27:57.4
131,794,profile_complete,27:57.4
132,530,job_view,27:57.4
133,536,profile_complete,27:57.4
134,997,profile_complete,27:57.4
135,603,signup,27:57.4
136,428,job_view,27:57.4
137,276,profile_complete,27:57.4
138,69,comment,27:57.4
139,811,comment,27:57.4
140,289,job_view,27:57.4
141,296,profile_complete,27:57.4
142,62,job_apply,27:57.4
143,309,job_apply,27:57.4
144,39,signup,27:57.4
145,4,comment,27:57.4
146,714,signup,27:57.4
147,522,post,27:57.4
148,445,job_view,27:57.4
149,831,comment,27:57.4
150,478,job_apply,27:57.4
151,384,comment,27:57.4
152,451,profile_complete,27:57.4
153,596,job_view,27:57.4
154,989,signup,27:57.4
155,565,job_apply,27:57.4
156,420,post,27:57.4
157,63,job_view,27:57.4
158,601,job_view,27:57.4
159,736,post,27:57.4
160,431,profile_complete,27:57.4
161,649,post,27:57.4
162,816,signup,27:57.4
163,545,comment,27:57.4
164,699,signup,27:57.4
165,905,job_apply,27:57.4
166,919,signup,27:57.4
167,858,job_view,27:57.4
168,92,comment,27:57.4
169,685,signup,27:57.4
170,931,post,27:57.4
171,503,post,27:57.4
172,649,post,27:57.4
173,515,comment,27:57.4
174,11,comment,27:57.4
175,97,job_view,27:57.4
176,50,comment,27:57.4
177,464,post,27:57.4
178,484,profile_complete,27:57.4
179,140,job_view,27:57.4
180,81,profile_complete,27:57.4
181,225,job_view,27:57.4
182,219,job_view,27:57.4
183,2,job_view,27:57.4
184,502,post,27:57.4
185,606,signup,27:57.4
186,56,profile_complete,27:57.4
187,950,profile_complete,27:57.4
188,983,job_apply,27:57.4
189,746,job_view,27:57.4
190,577,profile_complete,27:57.4
191,599,signup,27:57.4
192,715,job_view,27:57.4
193,321,profile_complete,27:57.4
194,652,signup,27:57.4
195,551,profile_complete,27:57.4
196,872,job_apply,27:57.4
197,219,profile_complete,27:57.4
198,621,job_view,27:57.4
199,490,job_view,27:57.4
200,462,job_view,27:57.4
201,703,signup,27:57.4
202,941,job_view,27:57.4
203,449,post,27:57.4
204,484,post,27:57.4
205,527,post,27:57.4
206,68,signup,27:57.4
207,223,job_view,27:57.4
208,898,job_apply,27:57.4
209,140,post,27:57.4
210,144,profile_complete,27:57.4
211,741,job_apply,27:57.4
212,339,job_apply,27:57.4
213,916,comment,27:57.4
214,219,job_view,27:57.4
215,683,profile_complete,27:57.4
216,468,job_apply,27:57.4
217,383,profile_complete,27:57.4
218,585,job_view,27:57.4
219,954,post,27:57.4
220,338,post,27:57.4
221,856,comment,27:57.4
222,768,profile_complete,27:57.4
223,239,comment,27:57.4
224,864,job_apply,27:57.4
225,501,post,27:57.4
226,781,post,27:57.4
227,953,comment,27:57.4
228,58,job_view,27:57.4
229,73,comment,27:57.4
230,964,profile_complete,27:57.4
231,851,signup,27:57.4
232,341,profile_complete,27:57.4
233,54,job_apply,27:57.4
234,23,profile_complete,27:57.4
235,47,signup,27:57.4
236,898,signup,27:57.4
237,323,comment,27:57.4
238,262,post,27:57.4
239,893,job_apply,27:57.4
240,525,job_view,27:57.4
241,313,job_apply,27:57.4
242,828,comment,27:57.4
243,940,comment,27:57.4
244,467,comment,27:57.4
245,798,job_apply,27:57.4
246,196,job_apply,27:57.4
247,415,signup,27:57.4
248,554,profile_complete,27:57.4
249,106,profile_complete,27:57.4
250,428,signup,27:57.4
251,396,signup,27:57.4
252,393,job_view,27:57.4
253,734,profile_complete,27:57.4
254,577,comment,27:57.4
255,15,comment,27:57.4
256,768,signup,27:57.4
257,26,job_view,27:57.4
258,547,post,27:57.4
259,391,comment,27:57.4
260,125,signup,27:57.4
261,483,signup,27:57.4
262,469,job_apply,27:57.4
263,266,job_apply,27:57.4
264,962,signup,27:57.4
265,985,post,27:57.4
266,787,post,27:57.4
267,603,post,27:57.4
268,83,job_view,27:57.4
269,729,comment,27:57.4
270,760,profile_complete,27:57.4
271,519,post,27:57.4
272,339,job_apply,27:57.4
273,372,job_view,27:57.4
274,436,signup,27:57.4
275,38,job_apply,27:57.4
276,187,comment,27:57.4
277,238,signup,27:57.4
278,255,profile_complete,27:57.4
279,973,profile_complete,27:57.4
280,766,post,27:57.4
281,109,signup,27:57.4
282,414,job_apply,27:57.4
283,138,comment,27:57.4
284,961,job_view,27:57.4
285,924,comment,27:57.4
286,474,profile_complete,27:57.4
287,123,signup,27:57.4
288,358,signup,27:57.4
289,312,signup,27:57.4
290,313,post,27:57.4
291,92,post,27:57.4
292,382,post,27:57.4
293,251,profile_complete,27:57.4
294,133,post,27:57.4
295,744,comment,27:57.4
296,751,profile_complete,27:57.4
297,748,signup,27:57.4
298,280,post,27:57.4
299,484,profile_complete,27:57.4
300,579,profile_complete,27:57.4
301,407,signup,27:57.4
302,236,job_apply,27:57.4
303,180,signup,27:57.4
304,243,comment,27:57.4
305,168,profile_complete,27:57.4
306,112,comment,27:57.4
307,712,comment,27:57.4
308,404,profile_complete,27:57.4
309,73,comment,27:57.4
310,560,signup,27:57.4
311,68,job_view,27:57.4
312,246,comment,27:57.4
313,251,job_apply,27:57.4
314,779,profile_complete,27:57.4
315,855,comment,27:57.4
316,693,signup,27:57.4
317,223,post,27:57.4
318,535,job_view,27:57.4
319,996,signup,27:57.4
320,932,comment,27:57.4
321,269,signup,27:57.4
322,596,signup,27:57.4
323,438,job_view,27:57.4
324,235,comment,27:57.4
325,388,profile_complete,27:57.4
326,783,signup,27:57.4
327,718,signup,27:57.4
328,898,post,27:57.4
329,524,post,27:57.4
330,702,job_view,27:57.4
331,850,job_apply,27:57.4
332,30,job_apply,27:57.4
333,236,signup,27:57.4
334,523,comment,27:57.4
335,905,job_view,27:57.4
336,328,post,27:57.4
337,238,job_apply,27:57.4
338,793,job_view,27:57.4
339,912,job_apply,27:57.4
340,326,job_apply,27:57.4
341,915,comment,27:57.4
342,732,job_view,27:57.4
343,28,job_view,27:57.4
344,430,profile_complete,27:57.4
345,311,post,27:57.4
346,411,job_apply,27:57.4
347,980,post,27:57.4
348,631,profile_complete,27:57.4
349,100,job_view,27:57.4
350,439,profile_complete,27:57.4
351,624,post,27:57.4
352,139,job_apply,27:57.4
353,666,comment,27:57.4
354,190,post,27:57.4
355,202,profile_complete,27:57.4
356,594,profile_complete,27:57.4
357,525,profile_complete,27:57.4
358,517,job_view,27:57.4
359,646,profile_complete,27:57.4
360,398,signup,27:57.4
361,302,comment,27:57.4
362,7,job_view,27:57.4
363,502,job_apply,27:57.4
364,402,profile_complete,27:57.4
365,937,post,27:57.4
366,349,signup,27:57.4
367,404,post,27:57.4
368,840,post,27:57.4
369,618,post,27:57.4
370,960,post,27:57.4
371,457,signup,27:57.4
372,421,job_apply,27:57.4
373,654,job_view,27:57.4
374,781,post,27:57.4
375,831,signup,27:57.4
376,221,signup,27:57.4
377,575,post,27:57.4
378,28,post,27:57.4
379,649,job_apply,27:57.4
380,893,post,27:57.4
381,878,signup,27:57.4
382,837,job_apply,27:57.4
383,322,profile_complete,27:57.4
384,32,comment,27:57.4
385,665,profile_complete,27:57.4
386,943,signup,27:57.4
387,434,post,27:57.4
388,48,post,27:57.4
389,99,signup,27:57.4
390,49,job_view,27:57.4
391,367,signup,27:57.4
392,714,profile_complete,27:57.4
393,755,profile_complete,27:57.4
394,819,job_apply,27:57.4
395,369,profile_complete,27:57.4
396,795,profile_complete,27:57.4
397,749,post,27:57.4
398,637,post,27:57.4
399,45,job_apply,27:57.4
400,311,comment,27:57.4
401,80,comment,27:57.4
402,595,post,27:57.4
403,377,job_view,27:57.4
404,539,signup,27:57.4
405,607,job_apply,27:57.4
406,50,post,27:57.4
407,257,post,27:57.4
408,78,signup,27:57.4
409,399,job_view,27:57.4
410,962,comment,27:57.4
411,835,job_view,27:57.4
412,581,profile_complete,27:57.4
413,992,signup,27:57.4
414,542,job_view,27:57.4
415,192,job_apply,27:57.4
416,670,job_view,27:57.4
417,867,comment,27:57.4
418,690,profile_complete,27:57.4
419,925,signup,27:57.4
420,511,post,27:57.4
421,26,job_apply,27:57.4
422,159,signup,27:57.4
423,198,profile_complete,27:57.4
424,149,signup,27:57.4
425,650,post,27:57.4
426,507,post,27:57.4
427,397,signup,27:57.4
428,341,post,27:57.4
429,839,post,27:57.4
430,636,job_apply,27:57.4
431,806,comment,27:57.4
432,326,signup,27:57.4
433,9,comment,27:57.4
434,957,job_apply,27:57.4
435,94,profile_complete,27:57.4
436,709,profile_complete,27:57.4
437,197,signup,27:57.4
438,803,profile_complete,27:57.4
439,577,post,27:57.4
440,239,job_view,27:57.4
441,386,profile_complete,27:57.4
442,416,profile_complete,27:57.4
443,934,job_view,27:57.4
444,664,profile_complete,27:57.4
445,660,signup,27:57.4
446,28,job_apply,27:57.4
447,553,profile_complete,27:57.4
448,717,post,27:57.4
449,432,post,27:57.4
450,609,signup,27:57.4
451,765,job_apply,27:57.4
452,110,profile_complete,27:57.4
453,557,signup,27:57.4
454,483,post,27:57.4
455,167,job_apply,27:57.4
456,243,signup,27:57.4
457,729,profile_complete,27:57.4
458,927,job_apply,27:57.4
459,842,post,27:57.4
460,360,signup,27:57.4
461,521,job_view,27:57.4
462,406,profile_complete,27:57.4
463,144,profile_complete,27:57.4
464,679,comment,27:57.4
465,257,post,27:57.4
466,756,profile_complete,27:57.4
467,713,comment,27:57.4
468,1000,job_apply,27:57.4
469,581,post,27:57.4
470,281,comment,27:57.4
471,624,signup,27:57.4
472,945,profile_complete,27:57.4
473,503,comment,27:57.4
474,203,profile_complete,27:57.4
475,619,job_view,27:57.4
476,360,job_apply,27:57.4
477,450,post,27:57.4
478,268,post,27:57.4
479,419,post,27:57.4
480,521,comment,27:57.4
481,417,profile_complete,27:57.4
482,914,post,27:57.4
483,349,job_apply,27:57.4
484,392,post,27:57.4
485,43,post,27:57.4
486,573,comment,27:57.4
487,367,job_apply,27:57.4
488,110,job_view,27:57.4
489,94,job_view,27:57.4
490,694,job_view,27:57.4
491,242,signup,27:57.4
492,776,profile_complete,27:57.4
493,423,signup,27:57.4
494,188,signup,27:57.4
495,270,job_view,27:57.4
496,551,job_apply,27:57.4
497,371,profile_complete,27:57.4
498,743,comment,27:57.4
499,816,profile_complete,27:57.4
500,971,job_view,27:57.4
501,821,job_view,27:57.4
502,719,job_apply,27:57.4
503,57,job_apply,27:57.4
504,329,post,27:57.4
505,877,post,27:57.4
506,919,job_view,27:57.4
507,201,profile_complete,27:57.4
508,357,profile_complete,27:57.4
509,202,post,27:57.4
510,483,comment,27:57.4
511,60,job_view,27:57.4
512,535,profile_complete,27:57.4
513,735,job_view,27:57.4
514,19,job_apply,27:57.4
515,503,profile_complete,27:57.4
516,184,job_apply,27:57.4
517,97,post,27:57.4
518,428,job_view,27:57.4
519,748,job_apply,27:57.4
520,395,post,27:57.4
521,168,signup,27:57.4
522,954,job_view,27:57.4
523,209,post,27:57.4
524,292,signup,27:57.4
525,160,post,27:57.4
526,803,job_apply,27:57.4
527,533,post,27:57.4
528,116,job_view,27:57.4
529,985,post,27:57.4
530,273,comment,27:57.4
531,698,profile_complete,27:57.4
532,104,signup,27:57.4
533,376,signup,27:57.4
534,354,signup,27:57.4
535,525,comment,27:57.4
536,955,job_apply,27:57.4
537,259,post,27:57.4
538,207,comment,27:57.4
539,235,comment,27:57.4
540,517,job_apply,27:57.4
541,882,signup,27:57.4
542,179,job_apply,27:57.4
543,653,post,27:57.4
544,475,job_view,27:57.4
545,883,comment,27:57.4
546,105,post,27:57.4
547,790,job_view,27:57.4
548,598,profile_complete,27:57.4
549,122,signup,27:57.4
550,507,job_apply,27:57.4
551,803,post,27:57.4
552,93,job_apply,27:57.4
553,173,profile_complete,27:57.4
554,572,comment,27:57.4
555,703,comment,27:57.4
556,199,comment,27:57.4
557,557,comment,27:57.4
558,469,post,27:57.4
559,73,signup,27:57.4
560,361,comment,27:57.4
561,220,job_apply,27:57.4
562,124,signup,27:57.4
563,796,comment,27:57.4
564,203,comment,27:57.4
565,933,job_view,27:57.4
566,755,post,27:57.4
567,828,job_apply,27:57.4
568,199,job_apply,27:57.4
569,752,job_apply,27:57.4
570,614,post,27:57.4
571,391,post,27:57.4
572,709,profile_complete,27:57.4
573,801,comment,27:57.4
574,236,profile_complete,27:57.4
575,834,job_apply,27:57.4
576,575,signup,27:57.4
577,611,profile_complete,27:57.4
578,310,post,27:57.4
579,33,profile_complete,27:57.4
580,86,profile_complete,27:57.4
581,514,profile_complete,27:57.4
582,277,post,27:57.4
583,816,post,27:57.4
584,439,comment,27:57.4
585,217,job_apply,27:57.4
586,823,job_view,27:57.4
587,56,comment,27:57.4
588,455,signup,27:57.4
589,382,comment,27:57.4
590,65,job_view,27:57.4
591,659,comment,27:57.4
592,968,job_view,27:57.4
593,915,job_view,27:57.4
594,429,job_apply,27:57.4
595,976,job_apply,27:57.4
596,122,post,27:57.4
597,906,post,27:57.4
598,20,post,27:57.4
599,459,job_apply,27:57.4
600,747,profile_complete,27:57.4
601,918,post,27:57.4
602,872,profile_complete,27:57.4
603,489,job_view,27:57.4
604,920,profile_complete,27:57.4
605,908,job_view,27:57.4
606,135,post,27:57.4
607,831,signup,27:57.4
608,930,job_view,27:57.4
609,310,job_apply,27:57.4
610,3,post,27:57.4
611,858,signup,27:57.4
612,453,post,27:57.4
613,307,job_apply,27:57.4
614,920,post,27:57.4
615,222,job_apply,27:57.4
616,328,job_view,27:57.4
617,158,post,27:57.4
618,883,profile_complete,27:57.4
619,868,comment,27:57.4
620,646,job_view,27:57.4
621,62,profile_complete,27:57.4
622,226,signup,27:57.4
623,420,signup,27:57.4
624,844,comment,27:57.4
625,471,signup,27:57.4
626,166,signup,27:57.4
627,267,profile_complete,27:57.4
628,675,job_apply,27:57.4
629,143,comment,27:57.4
630,348,comment,27:57.4
631,250,comment,27:57.4
632,471,post,27:57.4
633,157,post,27:57.4
634,228,signup,27:57.4
635,445,signup,27:57.4
636,821,job_view,27:57.4
637,345,job_view,27:57.4
638,97,signup,27:57.4
639,498,profile_complete,27:57.4
640,548,profile_complete,27:57.4
641,768,comment,27:57.4
642,385,comment,27:57.4
643,229,post,27:57.4
644,140,job_view,27:57.4
645,518,signup,27:57.4
646,333,profile_complete,27:57.4
647,586,comment,27:57.4
648,315,job_view,27:57.4
649,60,post,27:57.4
650,314,signup,27:57.4
651,928,job_view,27:57.4
652,397,profile_complete,27:57.4
653,614,profile_complete,27:57.4
654,320,profile_complete,27:57.4
655,304,profile_complete,27:57.4
656,240,comment,27:57.4
657,513,signup,27:57.4
658,272,comment,27:57.4
659,170,job_view,27:57.4
660,783,post,27:57.4
661,955,signup,27:57.4
662,699,job_view,27:57.4
663,268,job_apply,27:57.4
664,864,profile_complete,27:57.4
665,424,comment,27:57.4
666,556,job_view,27:57.4
667,139,job_view,27:57.4
668,601,post,27:57.4
669,691,post,27:57.4
670,213,signup,27:57.4
671,871,signup,27:57.4
672,724,job_apply,27:57.4
673,225,job_apply,27:57.4
674,550,post,27:57.4
675,284,post,27:57.4
676,310,job_apply,27:57.4
677,702,post,27:57.4
678,200,profile_complete,27:57.4
679,607,profile_complete,27:57.4
680,743,job_view,27:57.4
681,254,profile_complete,27:57.4
682,452,job_apply,27:57.4
683,992,profile_complete,27:57.4
684,562,profile_complete,27:57.4
685,589,job_view,27:57.4
686,788,comment,27:57.4
687,30,profile_complete,27:57.4
688,270,job_view,27:57.4
689,527,job_apply,27:57.4
690,10,job_view,27:57.4
691,823,profile_complete,27:57.4
692,828,profile_complete,27:57.4
693,286,comment,27:57.4
694,689,comment,27:57.4
695,112,signup,27:57.4
696,374,post,27:57.4
697,82,post,27:57.4
698,47,signup,27:57.4
699,92,job_apply,27:57.4
700,368,post,27:57.4
701,836,job_apply,27:57.4
702,909,profile_complete,27:57.4
703,269,signup,27:57.4
704,271,post,27:57.4
705,898,job_apply,27:57.4
706,536,job_view,27:57.4
707,534,profile_complete,27:57.4
708,378,job_apply,27:57.4
709,348,signup,27:57.4
710,629,signup,27:57.4
711,430,post,27:57.4
712,727,comment,27:57.4
713,123,job_view,27:57.4
714,163,comment,27:57.4
715,351,signup,27:57.4
716,789,profile_complete,27:57.4
717,547,profile_complete,27:57.4
718,987,post,27:57.4
719,30,profile_complete,27:57.4
720,93,job_view,27:57.4
721,731,comment,27:57.4
722,696,signup,27:57.4
723,862,job_apply,27:57.4
724,572,job_view,27:57.4
725,346,signup,27:57.4
726,165,job_apply,27:57.4
727,669,job_apply,27:57.4
728,436,comment,27:57.4
729,488,job_apply,27:57.4
730,647,profile_complete,27:57.4
731,564,signup,27:57.4
732,714,signup,27:57.4
733,809,post,27:57.4
734,947,comment,27:57.4
735,343,job_view,27:57.4
736,731,job_apply,27:57.4
737,498,job_apply,27:57.4
738,449,signup,27:57.4
739,445,job_view,27:57.4
740,325,post,27:57.4
741,999,comment,27:57.4
742,753,job_apply,27:57.4
743,983,signup,27:57.4
744,21,job_apply,27:57.4
745,662,profile_complete,27:57.4
746,746,post,27:57.4
747,589,comment,27:57.4
748,681,job_apply,27:57.4
749,476,profile_complete,27:57.4
750,131,signup,27:57.4
751,924,post,27:57.4
752,126,signup,27:57.4
753,679,post,27:57.4
754,371,post,27:57.4
755,255,profile_complete,27:57.4
756,410,comment,27:57.4
757,522,profile_complete,27:57.4
758,730,job_view,27:57.4
759,232,job_view,27:57.4
760,823,signup,27:57.4
761,505,profile_complete,27:57.4
762,356,job_view,27:57.4
763,863,comment,27:57.4
764,37,comment,27:57.4
765,506,post,27:57.4
766,225,signup,27:57.4
767,684,signup,27:57.4
768,815,job_apply,27:57.4
769,899,job_view,27:57.4
770,340,comment,27:57.4
771,38,profile_complete,27:57.4
772,906,job_view,27:57.4
773,239,comment,27:57.4
774,138,job_apply,27:57.4
775,660,profile_complete,27:57.4
776,813,job_view,27:57.4
777,133,job_apply,27:57.4
778,741,post,27:57.4
779,579,job_apply,27:57.4
780,169,job_view,27:57.4
781,387,job_view,27:57.4
782,107,signup,27:57.4
783,773,job_view,27:57.4
784,286,signup,27:57.4
785,671,comment,27:57.4
786,878,comment,27:57.4
787,457,profile_complete,27:57.4
788,432,signup,27:57.4
789,416,job_view,27:57.4
790,85,signup,27:57.4
791,199,post,27:57.4
792,650,job_apply,27:57.4
793,305,signup,27:57.4
794,449,comment,27:57.4
795,245,profile_complete,27:57.4
796,249,signup,27:57.4
797,524,comment,27:57.4
798,783,post,27:57.4
799,344,post,27:57.4
800,883,job_view,27:57.4
801,718,job_apply,27:57.4
802,565,job_apply,27:57.4
803,476,signup,27:57.4
804,521,signup,27:57.4
805,240,job_view,27:57.4
806,330,profile_complete,27:57.4
807,727,comment,27:57.4
808,214,comment,27:57.4
809,985,job_apply,27:57.4
810,722,signup,27:57.4
811,598,signup,27:57.4
812,235,job_apply,27:57.4
813,496,signup,27:57.4
814,104,job_apply,27:57.4
815,449,profile_complete,27:57.4
816,485,post,27:57.4
817,59,job_view,27:57.4
818,377,post,27:57.4
819,533,profile_complete,27:57.4
820,164,profile_complete,27:57.4
821,901,profile_complete,27:57.4
822,297,profile_complete,27:57.4
823,715,post,27:57.4
824,441,comment,27:57.4
825,962,post,27:57.4
826,23,job_apply,27:57.4
827,776,comment,27:57.4
828,726,post,27:57.4
829,112,post,27:57.4
830,138,job_apply,27:57.4
831,453,job_apply,27:57.4
832,356,profile_complete,27:57.4
833,296,comment,27:57.4
834,698,post,27:57.4
835,71,signup,27:57.4
836,802,profile_complete,27:57.4
837,161,comment,27:57.4
838,732,post,27:57.4
839,130,job_view,27:57.4
840,914,job_view,27:57.4
841,432,job_view,27:57.4
842,178,job_view,27:57.4
843,961,comment,27:57.4
844,33,profile_complete,27:57.4
845,516,job_apply,27:57.4
846,42,job_view,27:57.4
847,452,signup,27:57.4
848,699,signup,27:57.4
849,139,post,27:57.4
850,474,post,27:57.4
851,972,job_view,27:57.4
852,682,post,27:57.4
853,9,post,27:57.4
854,946,job_apply,27:57.4
855,29,profile_complete,27:57.4
856,92,signup,27:57.4
857,197,comment,27:57.4
858,468,post,27:57.4
859,860,signup,27:57.4
860,202,signup,27:57.4
861,883,job_view,27:57.4
862,378,profile_complete,27:57.4
863,774,signup,27:57.4
864,151,comment,27:57.4
865,78,profile_complete,27:57.4
866,875,job_apply,27:57.4
867,876,comment,27:57.4
868,445,job_view,27:57.4
869,277,post,27:57.4
870,121,signup,27:57.4
871,881,profile_complete,27:57.4
872,549,job_view,27:57.4
873,659,signup,27:57.4
874,156,job_view,27:57.4
875,213,job_view,27:57.4
876,317,profile_complete,27:57.4
877,988,job_apply,27:57.4
878,675,post,27:57.4
879,985,profile_complete,27:57.4
880,615,job_apply,27:57.4
881,445,profile_complete,27:57.4
882,468,job_apply,27:57.4
883,451,job_apply,27:57.4
884,799,comment,27:57.4
885,107,signup,27:57.4
886,642,post,27:57.4
887,121,profile_complete,27:57.4
888,361,post,27:57.4
889,206,job_view,27:57.4
890,796,comment,27:57.4
891,640,job_view,27:57.4
892,622,job_apply,27:57.4
893,552,job_view,27:57.4
894,104,job_view,27:57.4
895,800,comment,27:57.4
896,845,job_apply,27:57.4
897,439,job_view,27:57.4
898,720,signup,27:57.4
899,899,profile_complete,27:57.4
900,753,comment,27:57.4
901,726,job_apply,27:57.4
902,402,signup,27:57.4
903,720,signup,27:57.4
904,738,job_apply,27:57.4
905,333,signup,27:57.4
906,937,job_view,27:57.4
907,316,signup,27:57.4
908,690,job_view,27:57.4
909,269,job_apply,27:57.4
910,891,job_view,27:57.4
911,888,comment,27:57.4
912,540,signup,27:57.4
913,147,job_apply,27:57.4
914,880,job_view,27:57.4
915,726,job_apply,27:57.4
916,642,post,27:57.4
917,186,comment,27:57.4
918,104,profile_complete,27:57.4
919,860,post,27:57.4
920,825,job_view,27:57.4
921,903,job_view,27:57.4
922,944,post,27:57.4
923,588,post,27:57.4
924,150,profile_complete,27:57.4
925,508,profile_complete,27:57.4
926,121,profile_complete,27:57.4
927,953,comment,27:57.4
928,125,signup,27:57.4
929,138,comment,27:57.4
930,587,signup,27:57.4
931,946,profile_complete,27:57.4
932,485,post,27:57.4
933,348,comment,27:57.4
934,210,job_view,27:57.4
935,940,job_view,27:57.4
936,592,profile_complete,27:57.4
937,668,post,27:57.4
938,817,post,27:57.4
939,30,job_apply,27:57.4
940,837,job_view,27:57.4
941,755,job_view,27:57.4
942,346,comment,27:57.4
943,969,job_apply,27:57.4
944,52,post,27:57.4
945,304,signup,27:57.4
946,643,profile_complete,27:57.4
947,226,post,27:57.4
948,794,signup,27:57.4
949,309,profile_complete,27:57.4
950,300,job_apply,27:57.4
951,483,comment,27:57.4
952,549,profile_complete,27:57.4
953,606,signup,27:57.4
954,156,profile_complete,27:57.4
955,996,signup,27:57.4
956,586,job_view,27:57.4
957,296,signup,27:57.4
958,872,job_view,27:57.4
959,355,signup,27:57.4
960,617,profile_complete,27:57.4
961,951,comment,27:57.4
962,573,comment,27:57.4
963,677,job_apply,27:57.4
964,669,profile_complete,27:57.4
965,25,job_apply,27:57.4
966,286,post,27:57.4
967,285,comment,27:57.4
968,665,signup,27:57.4
969,730,post,27:57.4
970,704,job_apply,27:57.4
971,199,profile_complete,27:57.4
972,141,signup,27:57.4
973,881,post,27:57.4
974,326,signup,27:57.4
975,424,post,27:57.4
976,412,profile_complete,27:57.4
977,403,profile_complete,27:57.4
978,943,signup,27:57.4
979,825,job_apply,27:57.4
980,40,profile_complete,27:57.4
981,382,signup,27:57.4
982,726,profile_complete,27:57.4
983,774,comment,27:57.4
984,317,job_apply,27:57.4
985,92,job_apply,27:57.4
986,568,job_view,27:57.4
987,516,signup,27:57.4
988,217,job_view,27:57.4
989,318,job_view,27:57.4
990,676,comment,27:57.4
991,342,profile_complete,27:57.4
992,644,post,27:57.4
993,361,job_view,27:57.4
994,658,profile_complete,27:57.4
995,245,post,27:57.4
996,140,comment,27:57.4
997,278,signup,27:57.4
998,9,post,27:57.4
999,313,comment,27:57.4
1000,530,job_apply,27:57.4
1001,752,job_view,27:57.4
1002,369,comment,27:57.4
1003,872,comment,27:57.4
1004,479,signup,27:57.4
1005,525,job_apply,27:57.4
1006,795,comment,27:57.4
1007,707,signup,27:57.4
1008,993,job_apply,27:57.4
1009,224,job_apply,27:57.4
1010,545,comment,27:57.4
1011,539,signup,27:57.4
1012,732,post,27:57.4
1013,691,signup,27:57.4
1014,311,job_view,27:57.4
1015,566,signup,27:57.4
1016,170,post,27:57.4
1017,964,job_apply,27:57.4
1018,473,job_apply,27:57.4
1019,826,post,27:57.4
1020,600,job_apply,27:57.4
1021,107,job_view,27:57.4
1022,19,signup,27:57.4
1023,466,job_apply,27:57.4
1024,330,job_view,27:57.4
1025,689,job_view,27:57.4
1026,897,signup,27:57.4
1027,102,profile_complete,27:57.4
1028,262,profile_complete,27:57.4
1029,860,signup,27:57.4
1030,718,post,27:57.4
1031,208,job_apply,27:57.4
1032,886,comment,27:57.4
1033,869,job_view,27:57.4
1034,515,post,27:57.4
1035,258,signup,27:57.4
1036,301,profile_complete,27:57.4
1037,760,job_apply,27:57.4
1038,203,job_view,27:57.4
1039,171,job_view,27:57.4
1040,406,post,27:57.4
1041,339,profile_complete,27:57.4
1042,47,post,27:57.4
1043,74,comment,27:57.4
1044,326,profile_complete,27:57.4
1045,137,profile_complete,27:57.4
1046,172,job_apply,27:57.4
1047,377,signup,27:57.4
1048,490,job_apply,27:57.4
1049,470,profile_complete,27:57.4
1050,408,signup,27:57.4
1051,783,comment,27:57.4
1052,832,post,27:57.4
1053,160,job_apply,27:57.4
1054,481,signup,27:57.4
1055,874,post,27:57.4
1056,445,post,27:57.4
1057,992,job_view,27:57.4
1058,365,comment,27:57.4
1059,827,post,27:57.4
1060,141,job_apply,27:57.4
1061,802,job_view,27:57.4
1062,116,signup,27:57.4
1063,29,comment,27:57.4
1064,144,job_view,27:57.4
1065,121,job_view,27:57.4
1066,841,job_view,27:57.4
1067,807,profile_complete,27:57.4
1068,485,job_view,27:57.4
1069,284,job_view,27:57.4
1070,75,job_view,27:57.4
1071,252,post,27:57.4
1072,519,job_apply,27:57.4
1073,679,job_view,27:57.4
1074,823,comment,27:57.4
1075,749,profile_complete,27:57.4
1076,326,post,27:57.4
1077,988,profile_complete,27:57.4
1078,233,job_view,27:57.4
1079,353,job_apply,27:57.4
1080,961,post,27:57.4
1081,368,profile_complete,27:57.4
1082,797,comment,27:57.4
1083,472,job_apply,27:57.4
1084,425,comment,27:57.4
1085,262,post,27:57.4
1086,600,post,27:57.4
1087,68,signup,27:57.4
1088,489,post,27:57.4
1089,838,job_apply,27:57.4
1090,588,comment,27:57.4
1091,418,signup,27:57.4
1092,752,post,27:57.4
1093,251,job_apply,27:57.4
1094,759,post,27:57.4
1095,28,post,27:57.4
1096,561,profile_complete,27:57.4
1097,221,comment,27:57.4
1098,244,post,27:57.4
1099,167,profile_complete,27:57.4
1100,203,post,27:57.4
1101,828,profile_complete,27:57.4
1102,837,job_view,27:57.4
1103,232,comment,27:57.4
1104,191,comment,27:57.4
1105,191,signup,27:57.4
1106,987,profile_complete,27:57.4
1107,341,job_apply,27:57.4
1108,313,signup,27:57.4
1109,829,job_view,27:57.4
1110,649,job_view,27:57.4
1111,500,signup,27:57.4
1112,504,job_view,27:57.4
1113,729,signup,27:57.4
1114,315,comment,27:57.4
1115,548,job_view,27:57.4
1116,188,post,27:57.4
1117,860,job_view,27:57.4
1118,321,signup,27:57.4
1119,987,post,27:57.4
1120,420,post,27:57.4
1121,397,profile_complete,27:57.4
1122,744,comment,27:57.4
1123,280,signup,27:57.4
1124,486,comment,27:57.4
1125,690,signup,27:57.4
1126,217,job_view,27:57.4
1127,239,job_view,27:57.4
1128,128,profile_complete,27:57.4
1129,92,profile_complete,27:57.4
1130,969,comment,27:57.4
1131,307,comment,27:57.4
1132,445,signup,27:57.4
1133,384,signup,27:57.4
1134,575,signup,27:57.4
1135,106,signup,27:57.4
1136,145,job_view,27:57.4
1137,857,job_view,27:57.4
1138,614,post,27:57.4
1139,771,signup,27:57.4
1140,68,job_view,27:57.4
1141,472,post,27:57.4
1142,417,signup,27:57.4
1143,107,job_apply,27:57.4
1144,456,profile_complete,27:57.4
1145,657,post,27:57.4
1146,161,comment,27:57.4
1147,43,job_view,27:57.4
1148,683,signup,27:57.4
1149,617,comment,27:57.4
1150,991,signup,27:57.4
1151,375,job_view,27:57.4
1152,77,post,27:57.4
1153,445,job_apply,27:57.4
1154,568,comment,27:57.4
1155,585,job_view,27:57.4
1156,653,comment,27:57.4
1157,363,profile_complete,27:57.4
1158,502,profile_complete,27:57.4
1159,77,job_apply,27:57.4
1160,105,signup,27:57.4
1161,200,job_apply,27:57.4
1162,36,profile_complete,27:57.4
1163,872,job_view,27:57.4
1164,855,comment,27:57.4
1165,397,post,27:57.4
1166,98,profile_complete,27:57.4
1167,315,signup,27:57.4
1168,473,signup,27:57.4
1169,129,job_apply,27:57.4
1170,864,signup,27:57.4
1171,492,comment,27:57.4
1172,137,job_view,27:57.4
1173,415,job_view,27:57.4
1174,394,post,27:57.4
1175,350,post,27:57.4
1176,157,profile_complete,27:57.4
1177,571,comment,27:57.4
1178,813,job_apply,27:57.4
1179,893,signup,27:57.4
1180,358,job_view,27:57.4
1181,490,comment,27:57.4
1182,837,job_apply,27:57.4
1183,727,job_apply,27:57.4
1184,905,post,27:57.4
1185,743,signup,27:57.4
1186,276,post,27:57.4
1187,238,profile_complete,27:57.4
1188,229,job_apply,27:57.4
1189,464,profile_complete,27:57.4
1190,391,signup,27:57.4
1191,34,signup,27:57.4
1192,23,post,27:57.4
1193,979,profile_complete,27:57.4
1194,503,post,27:57.4
1195,449,job_apply,27:57.4
1196,190,post,27:57.4
1197,576,signup,27:57.4
1198,230,signup,27:57.4
1199,25,comment,27:57.4
1200,632,job_view,27:57.4
1201,777,signup,27:57.4
1202,848,comment,27:57.4
1203,659,signup,27:57.4
1204,222,signup,27:57.4
1205,482,profile_complete,27:57.4
1206,420,comment,27:57.4
1207,573,comment,27:57.4
1208,932,job_apply,27:57.4
1209,868,signup,27:57.4
1210,521,comment,27:57.4
1211,724,signup,27:57.4
1212,522,profile_complete,27:57.4
1213,84,job_view,27:57.4
1214,592,post,27:57.4
1215,173,job_view,27:57.4
1216,42,signup,27:57.4
1217,126,job_apply,27:57.4
1218,593,post,27:57.4
1219,383,profile_complete,27:57.4
1220,915,signup,27:57.4
1221,312,signup,27:57.4
1222,969,post,27:57.4
1223,781,profile_complete,27:57.4
1224,957,comment,27:57.4
1225,204,job_apply,27:57.4
1226,330,post,27:57.4
1227,431,job_view,27:57.4
1228,645,job_apply,27:57.4
1229,61,profile_complete,27:57.4
1230,149,profile_complete,27:57.4
1231,659,signup,27:57.4
1232,838,profile_complete,27:57.4
1233,943,comment,27:57.4
1234,154,profile_complete,27:57.4
1235,248,job_apply,27:57.4
1236,192,post,27:57.4
1237,308,signup,27:57.4
1238,39,job_view,27:57.4
1239,266,comment,27:57.4
1240,664,comment,27:57.4
1241,976,signup,27:57.4
1242,217,signup,27:57.4
1243,401,signup,27:57.4
1244,789,job_apply,27:57.4
1245,679,comment,27:57.4
1246,594,signup,27:57.4
1247,797,post,27:57.4
1248,433,post,27:57.4
1249,446,comment,27:57.4
1250,133,job_view,27:57.4
1251,442,post,27:57.4
1252,625,signup,27:57.4
1253,131,comment,27:57.4
1254,293,job_apply,27:57.4
1255,483,post,27:57.4
1256,571,signup,27:57.4
1257,870,comment,27:57.4
1258,721,profile_complete,27:57.4
1259,208,comment,27:57.4
1260,539,job_view,27:57.4
1261,220,job_view,27:57.4
1262,978,post,27:57.4
1263,908,post,27:57.4
1264,474,job_view,27:57.4
1265,967,signup,27:57.4
1266,748,job_apply,27:57.4
1267,41,post,27:57.4
1268,775,job_apply,27:57.4
1269,912,comment,27:57.4
1270,503,post,27:57.4
1271,242,signup,27:57.4
1272,597,comment,27:57.4
1273,49,job_apply,27:57.4
1274,264,post,27:57.4
1275,802,comment,27:57.4
1276,955,signup,27:57.4
1277,884,signup,27:57.4
1278,964,comment,27:57.4
1279,225,signup,27:57.4
1280,958,profile_complete,27:57.4
1281,163,job_view,27:57.4
1282,318,signup,27:57.4
1283,283,signup,27:57.4
1284,736,job_view,27:57.4
1285,559,comment,27:57.4
1286,387,profile_complete,27:57.4
1287,148,signup,27:57.4
1288,395,signup,27:57.4
1289,908,post,27:57.4
1290,929,job_view,27:57.4
1291,829,post,27:57.4
1292,388,comment,27:57.4
1293,203,signup,27:57.4
1294,170,comment,27:57.4
1295,464,job_view,27:57.4
1296,296,comment,27:57.4
1297,741,post,27:57.4
1298,756,signup,27:57.4
1299,520,comment,27:57.4
1300,818,profile_complete,27:57.4
1301,635,post,27:57.4
1302,737,job_view,27:57.4
1303,430,post,27:57.4
1304,60,job_view,27:57.4
1305,256,post,27:57.4
1306,75,post,27:57.4
1307,990,profile_complete,27:57.4
1308,389,signup,27:57.4
1309,251,job_view,27:57.4
1310,820,comment,27:57.4
1311,628,signup,27:57.4
1312,848,post,27:57.4
1313,325,job_apply,27:57.4
1314,936,post,27:57.4
1315,216,signup,27:57.4
1316,162,post,27:57.4
1317,877,post,27:57.4
1318,170,post,27:57.4
1319,562,job_apply,27:57.4
1320,464,post,27:57.4
1321,263,signup,27:57.4
1322,462,comment,27:57.4
1323,606,job_view,27:57.4
1324,815,signup,27:57.4
1325,823,post,27:57.4
1326,25,job_view,27:57.4
1327,639,job_view,27:57.4
1328,632,job_view,27:57.4
1329,689,profile_complete,27:57.4
1330,748,job_apply,27:57.4
1331,696,post,27:57.4
1332,625,post,27:57.4
1333,626,post,27:57.4
1334,812,job_view,27:57.4
1335,475,post,27:57.4
1336,89,post,27:57.4
1337,392,post,27:57.4
1338,442,comment,27:57.4
1339,274,job_view,27:57.4
1340,544,job_apply,27:57.4
1341,629,job_view,27:57.4
1342,305,post,27:57.4
1343,798,comment,27:57.4
1344,932,job_view,27:57.4
1345,833,job_apply,27:57.4
1346,213,signup,27:57.4
1347,194,signup,27:57.4
1348,574,job_view,27:57.4
1349,32,job_apply,27:57.4
1350,958,signup,27:57.4
1351,549,profile_complete,27:57.4
1352,685,comment,27:57.4
1353,77,job_apply,27:57.4
1354,627,profile_complete,27:57.4
1355,845,job_apply,27:57.4
1356,895,job_apply,27:57.4
1357,689,job_view,27:57.4
1358,548,job_apply,27:57.4
1359,274,profile_complete,27:57.4
1360,928,job_view,27:57.4
1361,715,comment,27:57.4
1362,504,comment,27:57.4
1363,345,profile_complete,27:57.4
1364,957,job_view,27:57.4
1365,557,post,27:57.4
1366,9,job_view,27:57.4
1367,79,signup,27:57.4
1368,259,post,27:57.4
1369,455,job_apply,27:57.4
1370,525,profile_complete,27:57.4
1371,535,comment,27:57.4
1372,347,profile_complete,27:57.4
1373,754,job_view,27:57.4
1374,10,comment,27:57.4
1375,514,job_view,27:57.4
1376,458,job_view,27:57.4
1377,523,signup,27:57.4
1378,963,signup,27:57.4
1379,917,post,27:57.4
1380,662,signup,27:57.4
1381,869,profile_complete,27:57.4
1382,547,job_apply,27:57.4
1383,44,signup,27:57.4
1384,423,post,27:57.4
1385,108,comment,27:57.4
1386,676,profile_complete,27:57.4
1387,261,profile_complete,27:57.4
1388,328,job_view,27:57.4
1389,580,profile_complete,27:57.4
1390,296,job_apply,27:57.4
1391,661,job_apply,27:57.4
1392,384,job_apply,27:57.4
1393,928,comment,27:57.4
1394,206,signup,27:57.4
1395,802,job_view,27:57.4
1396,78,profile_complete,27:57.4
1397,155,profile_complete,27:57.4
1398,992,signup,27:57.4
1399,125,signup,27:57.4
1400,954,post,27:57.4
1401,928,post,27:57.4
1402,15,comment,27:57.4
1403,599,signup,27:57.4
1404,522,post,27:57.4
1405,283,comment,27:57.4
1406,36,comment,27:57.4
1407,177,profile_complete,27:57.4
1408,647,comment,27:57.4
1409,720,comment,27:57.4
1410,990,signup,27:57.4
1411,652,job_apply,27:57.4
1412,984,comment,27:57.4
1413,49,comment,27:57.4
1414,862,post,27:57.4
1415,237,job_view,27:57.4
1416,129,job_apply,27:57.4
1417,332,job_apply,27:57.4
1418,613,job_apply,27:57.4
1419,772,comment,27:57.4
1420,1000,post,27:57.4
1421,236,signup,27:57.4
1422,863,profile_complete,27:57.4
1423,747,job_apply,27:57.4
1424,307,comment,27:57.4
1425,532,signup,27:57.4
1426,114,signup,27:57.4
1427,504,profile_complete,27:57.4
1428,297,post,27:57.4
1429,654,signup,27:57.4
1430,321,job_view,27:57.4
1431,674,job_view,27:57.4
1432,48,comment,27:57.4
1433,108,post,27:57.4
1434,68,signup,27:57.4
1435,479,comment,27:57.4
1436,724,profile_complete,27:57.4
1437,932,signup,27:57.4
1438,746,signup,27:57.4
1439,522,job_apply,27:57.4
1440,500,post,27:57.4
1441,214,signup,27:57.4
1442,366,job_apply,27:57.4
1443,202,profile_complete,27:57.4
1444,811,post,27:57.4
1445,981,job_apply,27:57.4
1446,446,job_view,27:57.4
1447,46,comment,27:57.4
1448,365,signup,27:57.4
1449,4,comment,27:57.4
1450,183,comment,27:57.4
1451,843,job_apply,27:57.4
1452,5,post,27:57.4
1453,36,post,27:57.4
1454,763,post,27:57.4
1455,212,job_apply,27:57.4
1456,765,post,27:57.4
1457,571,profile_complete,27:57.4
1458,848,signup,27:57.4
1459,248,post,27:57.4
1460,497,signup,27:57.4
1461,790,signup,27:57.4
1462,597,job_apply,27:57.4
1463,102,job_apply,27:57.4
1464,624,post,27:57.4
1465,804,profile_complete,27:57.4
1466,873,job_apply,27:57.4
1467,110,comment,27:57.4
1468,15,comment,27:57.4
1469,268,job_view,27:57.4
1470,233,job_view,27:57.4
1471,229,comment,27:57.4
1472,955,signup,27:57.4
1473,382,job_apply,27:57.4
1474,445,job_apply,27:57.4
1475,796,post,27:57.4
1476,121,profile_complete,27:57.4
1477,398,profile_complete,27:57.4
1478,37,post,27:57.4
1479,727,comment,27:57.4
1480,260,post,27:57.4
1481,91,signup,27:57.4
1482,877,comment,27:57.4
1483,506,job_apply,27:57.4
1484,63,job_apply,27:57.4
1485,42,profile_complete,27:57.4
1486,658,post,27:57.4
1487,889,job_apply,27:57.4
1488,192,signup,27:57.4
1489,80,signup,27:57.4
1490,807,comment,27:57.4
1491,724,post,27:57.4
1492,179,profile_complete,27:57.4
1493,828,post,27:57.4
1494,289,comment,27:57.4
1495,104,job_apply,27:57.4
1496,172,signup,27:57.4
1497,737,job_view,27:57.4
1498,535,job_view,27:57.4
1499,585,profile_complete,27:57.4
1500,105,comment,27:57.4
1501,871,comment,27:57.4
1502,180,job_apply,27:57.4
1503,811,job_apply,27:57.4
1504,364,signup,27:57.4
1505,996,signup,27:57.4
1506,47,job_view,27:57.4
1507,640,profile_complete,27:57.4
1508,593,signup,27:57.4
1509,99,comment,27:57.4
1510,217,profile_complete,27:57.4
1511,344,profile_complete,27:57.4
1512,804,profile_complete,27:57.4
1513,225,comment,27:57.4
1514,952,signup,27:57.4
1515,446,profile_complete,27:57.4
1516,729,signup,27:57.4
1517,10,job_view,27:57.4
1518,101,post,27:57.4
1519,914,signup,27:57.4
1520,937,job_view,27:57.4
1521,811,profile_complete,27:57.4
1522,157,post,27:57.4
1523,661,job_view,27:57.4
1524,725,signup,27:57.4
1525,938,job_view,27:57.4
1526,234,signup,27:57.4
1527,766,profile_complete,27:57.4
1528,823,comment,27:57.4
1529,847,post,27:57.4
1530,933,signup,27:57.4
1531,893,post,27:57.4
1532,467,post,27:57.4
1533,54,post,27:57.4
1534,415,post,27:57.4
1535,538,job_view,27:57.4
1536,441,job_apply,27:57.4
1537,71,signup,27:57.4
1538,325,signup,27:57.4
1539,104,job_view,27:57.4
1540,123,signup,27:57.4
1541,11,signup,27:57.4
1542,641,signup,27:57.4
1543,137,comment,27:57.4
1544,981,signup,27:57.4
1545,257,signup,27:57.4
1546,855,comment,27:57.4
1547,665,signup,27:57.4
1548,153,comment,27:57.4
1549,702,profile_complete,27:57.4
1550,53,signup,27:57.4
1551,707,profile_complete,27:57.4
1552,741,job_view,27:57.4
1553,574,profile_complete,27:57.4
1554,593,comment,27:57.4
1555,314,comment,27:57.4
1556,892,profile_complete,27:57.4
1557,584,post,27:57.4
1558,602,profile_complete,27:57.4
1559,431,job_apply,27:57.4
1560,720,job_apply,27:57.4
1561,443,profile_complete,27:57.4
1562,790,job_apply,27:57.4
1563,658,job_apply,27:57.4
1564,350,profile_complete,27:57.4
1565,320,comment,27:57.4
1566,304,post,27:57.4
1567,689,job_apply,27:57.4
1568,960,comment,27:57.4
1569,166,comment,27:57.4
1570,489,comment,27:57.4
1571,940,profile_complete,27:57.4
1572,98,comment,27:57.4
1573,231,job_apply,27:57.4
1574,584,job_view,27:57.4
1575,106,post,27:57.4
1576,643,job_view,27:57.4
1577,602,profile_complete,27:57.4
1578,854,profile_complete,27:57.4
1579,697,profile_complete,27:57.4
1580,508,profile_complete,27:57.4
1581,167,signup,27:57.4
1582,613,comment,27:57.4
1583,426,profile_complete,27:57.4
1584,269,post,27:57.4
1585,414,job_view,27:57.4
1586,440,post,27:57.4
1587,933,job_apply,27:57.4
1588,90,job_apply,27:57.4
1589,333,post,27:57.4
1590,643,profile_complete,27:57.4
1591,416,post,27:57.4
1592,657,job_view,27:57.4
1593,526,profile_complete,27:57.4
1594,925,job_apply,27:57.4
1595,100,comment,27:57.4
1596,889,job_apply,27:57.4
1597,130,signup,27:57.4
1598,928,profile_complete,27:57.4
1599,638,comment,27:57.4
1600,263,post,27:57.4
1601,205,profile_complete,27:57.4
1602,175,post,27:57.4
1603,329,signup,27:57.4
1604,615,profile_complete,27:57.4
1605,854,signup,27:57.4
1606,801,job_view,27:57.4
1607,323,comment,27:57.4
1608,67,post,27:57.4
1609,302,job_view,27:57.4
1610,515,signup,27:57.4
1611,972,comment,27:57.4
1612,271,post,27:57.4
1613,927,job_apply,27:57.4
1614,803,profile_complete,27:57.4
1615,444,profile_complete,27:57.4
1616,602,post,27:57.4
1617,211,job_apply,27:57.4
1618,29,post,27:57.4
1619,55,job_view,27:57.4
1620,970,profile_complete,27:57.4
1621,755,signup,27:57.4
1622,456,profile_complete,27:57.4
1623,921,comment,27:57.4
1624,97,post,27:57.4
1625,720,job_view,27:57.4
1626,129,job_view,27:57.4
1627,790,profile_complete,27:57.4
1628,971,job_apply,27:57.4
1629,811,job_apply,27:57.4
1630,579,signup,27:57.4
1631,746,signup,27:57.4
1632,129,post,27:57.4
1633,585,job_apply,27:57.4
1634,898,job_apply,27:57.4
1635,749,comment,27:57.4
1636,217,comment,27:57.4
1637,49,signup,27:57.4
1638,522,job_apply,27:57.4
1639,293,post,27:57.4
1640,502,profile_complete,27:57.4
1641,961,profile_complete,27:57.4
1642,282,job_apply,27:57.4
1643,842,comment,27:57.4
1644,528,signup,27:57.4
1645,773,post,27:57.4
1646,495,post,27:57.4
1647,358,comment,27:57.4
1648,900,profile_complete,27:57.4
1649,712,profile_complete,27:57.4
1650,528,job_view,27:57.4
1651,663,profile_complete,27:57.4
1652,38,job_view,27:57.4
1653,268,job_view,27:57.4
1654,362,signup,27:57.4
1655,643,job_view,27:57.4
1656,896,comment,27:57.4
1657,907,job_apply,27:57.4
1658,857,post,27:57.4
1659,991,job_apply,27:57.4
1660,680,job_apply,27:57.4
1661,393,post,27:57.4
1662,330,profile_complete,27:57.4
1663,811,signup,27:57.4
1664,45,job_view,27:57.4
1665,841,profile_complete,27:57.4
1666,568,signup,27:57.4
1667,829,job_view,27:57.4
1668,534,signup,27:57.4
1669,247,profile_complete,27:57.4
1670,383,comment,27:57.4
1671,664,profile_complete,27:57.4
1672,392,job_apply,27:57.4
1673,286,profile_complete,27:57.4
1674,959,profile_complete,27:57.4
1675,181,job_apply,27:57.4
1676,616,job_view,27:57.4
1677,608,job_view,27:57.4
1678,779,post,27:57.4
1679,79,job_apply,27:57.4
1680,37,profile_complete,27:57.4
1681,694,job_view,27:57.4
1682,957,job_view,27:57.4
1683,863,comment,27:57.4
1684,406,job_apply,27:57.4
1685,94,job_view,27:57.4
1686,607,profile_complete,27:57.4
1687,397,job_apply,27:57.4
1688,14,job_apply,27:57.4
1689,958,job_apply,27:57.4
1690,706,signup,27:57.4
1691,188,post,27:57.4
1692,706,post,27:57.4
1693,972,post,27:57.4
1694,544,post,27:57.4
1695,895,post,27:57.4
1696,13,comment,27:57.4
1697,573,job_view,27:57.4
1698,449,comment,27:57.4
1699,785,post,27:57.4
1700,303,signup,27:57.4
1701,814,comment,27:57.4
1702,32,job_view,27:57.4
1703,307,signup,27:57.4
1704,495,signup,27:57.4
1705,414,comment,27:57.4
1706,20,post,27:57.4
1707,667,signup,27:57.4
1708,992,post,27:57.4
1709,838,comment,27:57.4
1710,344,signup,27:57.4
1711,16,comment,27:57.4
1712,687,comment,27:57.4
1713,740,signup,27:57.4
1714,594,comment,27:57.4
1715,521,signup,27:57.4
1716,824,signup,27:57.4
1717,86,profile_complete,27:57.4
1718,817,job_apply,27:57.4
1719,700,post,27:57.4
1720,728,job_view,27:57.4
1721,346,comment,27:57.4
1722,303,job_view,27:57.4
1723,433,comment,27:57.4
1724,608,signup,27:57.4
1725,153,comment,27:57.4
1726,972,comment,27:57.4
1727,5,post,27:57.4
1728,876,comment,27:57.4
1729,941,job_apply,27:57.4
1730,420,job_apply,27:57.4
1731,432,post,27:57.4
1732,762,post,27:57.4
1733,195,comment,27:57.4
1734,26,job_view,27:57.4
1735,350,post,27:57.4
1736,66,job_apply,27:57.4
1737,16,job_apply,27:57.4
1738,11,job_apply,27:57.4
1739,916,comment,27:57.4
1740,705,profile_complete,27:57.4
1741,982,comment,27:57.4
1742,775,comment,27:57.4
1743,12,job_view,27:57.4
1744,967,job_apply,27:57.4
1745,999,job_view,27:57.4
1746,998,signup,27:57.4
1747,488,comment,27:57.4
1748,495,post,27:57.4
1749,304,comment,27:57.4
1750,417,job_view,27:57.4
1751,739,post,27:57.4
1752,827,profile_complete,27:57.4
1753,12,job_apply,27:57.4
1754,805,job_apply,27:57.4
1755,451,profile_complete,27:57.4
1756,580,profile_complete,27:57.4
1757,686,post,27:57.4
1758,616,profile_complete,27:57.4
1759,492,comment,27:57.4
1760,165,post,27:57.4
1761,304,post,27:57.4
1762,385,signup,27:57.4
1763,289,comment,27:57.4
1764,326,profile_complete,27:57.4
1765,734,signup,27:57.4
1766,528,job_view,27:57.4
1767,893,post,27:57.4
1768,732,job_view,27:57.4
1769,469,job_apply,27:57.4
1770,809,post,27:57.4
1771,475,comment,27:57.4
1772,865,job_view,27:57.4
1773,576,post,27:57.4
1774,296,job_apply,27:57.4
1775,233,post,27:57.4
1776,884,job_view,27:57.4
1777,612,signup,27:57.4
1778,368,signup,27:57.4
1779,659,comment,27:57.4
1780,348,job_apply,27:57.4
1781,872,profile_complete,27:57.4
1782,896,post,27:57.4
1783,613,signup,27:57.4
1784,959,comment,27:57.4
1785,205,job_apply,27:57.4
1786,818,job_apply,27:57.4
1787,253,signup,27:57.4
1788,896,job_view,27:57.4
1789,354,signup,27:57.4
1790,935,profile_complete,27:57.4
1791,230,signup,27:57.4
1792,22,signup,27:57.4
1793,909,signup,27:57.4
1794,669,profile_complete,27:57.4
1795,492,comment,27:57.4
1796,863,comment,27:57.4
1797,517,job_apply,27:57.4
1798,722,comment,27:57.4
1799,189,comment,27:57.4
1800,325,job_apply,27:57.4
1801,639,job_apply,27:57.4
1802,64,signup,27:57.4
1803,898,signup,27:57.4
1804,398,comment,27:57.4
1805,876,job_view,27:57.4
1806,109,signup,27:57.4
1807,766,profile_complete,27:57.4
1808,560,job_view,27:57.4
1809,665,job_apply,27:57.4
1810,929,post,27:57.4
1811,769,post,27:57.4
1812,940,post,27:57.4
1813,560,profile_complete,27:57.4
1814,66,job_apply,27:57.4
1815,923,job_apply,27:57.4
1816,574,comment,27:57.4
1817,378,job_apply,27:57.4
1818,431,job_apply,27:57.4
1819,154,job_apply,27:57.4
1820,373,comment,27:57.4
1821,67,profile_complete,27:57.4
1822,895,profile_complete,27:57.4
1823,354,signup,27:57.4
1824,906,comment,27:57.4
1825,904,signup,27:57.4
1826,279,job_apply,27:57.4
1827,162,profile_complete,27:57.4
1828,993,profile_complete,27:57.4
1829,635,profile_complete,27:57.4
1830,256,signup,27:57.4
1831,751,profile_complete,27:57.4
1832,547,profile_complete,27:57.4
1833,281,job_apply,27:57.4
1834,519,post,27:57.4
1835,601,job_view,27:57.4
1836,638,comment,27:57.4
1837,199,profile_complete,27:57.4
1838,789,profile_complete,27:57.4
1839,200,comment,27:57.4
1840,347,job_view,27:57.4
1841,285,post,27:57.4
1842,146,post,27:57.4
1843,849,post,27:57.4
1844,675,post,27:57.4
1845,867,signup,27:57.4
1846,52,comment,27:57.4
1847,745,job_view,27:57.4
1848,418,signup,27:57.4
1849,101,signup,27:57.4
1850,162,job_apply,27:57.4
1851,289,profile_complete,27:57.4
1852,701,job_apply,27:57.4
1853,8,signup,27:57.4
1854,8,profile_complete,27:57.4
1855,55,profile_complete,27:57.4
1856,267,job_apply,27:57.4
1857,429,profile_complete,27:57.4
1858,399,comment,27:57.4
1859,887,job_view,27:57.4
1860,94,signup,27:57.4
1861,119,profile_complete,27:57.4
1862,285,job_apply,27:57.4
1863,507,signup,27:57.4
1864,642,job_apply,27:57.4
1865,393,profile_complete,27:57.4
1866,818,comment,27:57.4
1867,54,job_view,27:57.4
1868,736,signup,27:57.4
1869,430,job_apply,27:57.4
1870,521,job_view,27:57.4
1871,7,job_view,27:57.4
1872,557,job_view,27:57.4
1873,787,post,27:57.4
1874,247,comment,27:57.4
1875,21,job_apply,27:57.4
1876,794,profile_complete,27:57.4
1877,668,profile_complete,27:57.4
1878,948,job_apply,27:57.4
1879,104,post,27:57.4
1880,886,comment,27:57.4
1881,239,post,27:57.4
1882,73,job_view,27:57.4
1883,872,job_apply,27:57.4
1884,769,job_view,27:57.4
1885,450,job_apply,27:57.4
1886,773,comment,27:57.4
1887,590,post,27:57.4
1888,832,job_view,27:57.4
1889,315,signup,27:57.4
1890,504,job_apply,27:57.4
1891,678,signup,27:57.4
1892,269,comment,27:57.4
1893,987,job_view,27:57.4
1894,112,comment,27:57.4
1895,965,comment,27:57.4
1896,203,job_view,27:57.4
1897,245,comment,27:57.4
1898,851,post,27:57.4
1899,530,post,27:57.4
1900,188,job_view,27:57.4
1901,642,job_view,27:57.4
1902,16,signup,27:57.4
1903,311,post,27:57.4
1904,521,profile_complete,27:57.4
1905,218,post,27:57.4
1906,1000,profile_complete,27:57.4
1907,10,profile_complete,27:57.4
1908,448,job_view,27:57.4
1909,693,post,27:57.4
1910,512,job_apply,27:57.4
1911,810,post,27:57.4
1912,815,job_apply,27:57.4
1913,806,post,27:57.4
1914,875,comment,27:57.4
1915,112,profile_complete,27:57.4
1916,226,profile_complete,27:57.4
1917,224,job_view,27:57.4
1918,456,post,27:57.4
1919,411,job_view,27:57.4
1920,244,post,27:57.4
1921,456,post,27:57.4
1922,280,post,27:57.4
1923,481,job_apply,27:57.4
1924,412,job_view,27:57.4
1925,526,job_apply,27:57.4
1926,398,comment,27:57.4
1927,73,post,27:57.4
1928,275,post,27:57.4
1929,831,profile_complete,27:57.4
1930,72,profile_complete,27:57.4
1931,8,signup,27:57.4
1932,259,post,27:57.4
1933,184,job_apply,27:57.4
1934,579,signup,27:57.4
1935,688,profile_complete,27:57.4
1936,941,post,27:57.4
1937,892,job_apply,27:57.4
1938,827,comment,27:57.4
1939,530,signup,27:57.4
1940,489,comment,27:57.4
1941,34,comment,27:57.4
1942,566,profile_complete,27:57.4
1943,563,profile_complete,27:57.4
1944,303,job_apply,27:57.4
1945,152,post,27:57.4
1946,492,job_view,27:57.4
1947,679,profile_complete,27:57.4
1948,629,post,27:57.4
1949,627,profile_complete,27:57.4
1950,746,job_apply,27:57.4
1951,542,job_apply,27:57.4
1952,547,post,27:57.4
1953,462,job_view,27:57.4
1954,851,profile_complete,27:57.4
1955,317,comment,27:57.4
1956,262,job_view,27:57.4
1957,534,signup,27:57.4
1958,734,signup,27:57.4
1959,168,signup,27:57.4
1960,156,job_apply,27:57.4
1961,252,post,27:57.4
1962,368,profile_complete,27:57.4
1963,822,job_apply,27:57.4
1964,602,job_view,27:57.4
1965,536,job_apply,27:57.4
1966,315,job_apply,27:57.4
1967,470,comment,27:57.4
1968,439,post,27:57.4
1969,401,post,27:57.4
1970,576,job_view,27:57.4
1971,212,comment,27:57.4
1972,891,post,27:57.4
1973,732,profile_complete,27:57.4
1974,967,profile_complete,27:57.4
1975,859,comment,27:57.4
1976,885,signup,27:57.4
1977,951,post,27:57.4
1978,229,profile_complete,27:57.4
1979,911,job_apply,27:57.4
1980,534,comment,27:57.4
1981,122,signup,27:57.4
1982,201,post,27:57.4
1983,506,job_apply,27:57.4
1984,255,comment,27:57.4
1985,906,comment,27:57.4
1986,117,signup,27:57.4
1987,208,comment,27:57.4
1988,737,post,27:57.4
1989,999,profile_complete,27:57.4
1990,915,post,27:57.4
1991,3,job_apply,27:57.4
1992,849,job_view,27:57.4
1993,762,job_apply,27:57.4
1994,871,post,27:57.4
1995,335,job_apply,27:57.4
1996,471,signup,27:57.4
1997,905,job_apply,27:57.4
1998,925,profile_complete,27:57.4
1999,200,signup,27:57.4
2000,844,post,27:57.4
2001,298,post,27:57.4
2002,568,profile_complete,27:57.4
2003,449,job_apply,27:57.4
2004,886,post,27:57.4
2005,184,profile_complete,27:57.4
2006,116,job_view,27:57.4
2007,7,post,27:57.4
2008,779,job_apply,27:57.4
2009,942,profile_complete,27:57.4
2010,596,post,27:57.4
2011,368,job_apply,27:57.4
2012,1,profile_complete,27:57.4
2013,530,post,27:57.4
2014,807,profile_complete,27:57.4
2015,475,job_view,27:57.4
2016,392,comment,27:57.4
2017,147,post,27:57.4
2018,374,signup,27:57.4
2019,93,job_apply,27:57.4
2020,158,post,27:57.4
2021,10,signup,27:57.4
2022,628,job_apply,27:57.4
2023,476,comment,27:57.4
2024,399,profile_complete,27:57.4
2025,335,signup,27:57.4
2026,426,comment,27:57.4
2027,393,post,27:57.4
2028,158,job_apply,27:57.4
2029,522,comment,27:57.4
2030,969,job_view,27:57.4
2031,160,signup,27:57.4
2032,695,comment,27:57.4
2033,869,profile_complete,27:57.4
2034,603,signup,27:57.4
2035,576,profile_complete,27:57.4
2036,980,profile_complete,27:57.4
2037,759,post,27:57.4
2038,397,signup,27:57.4
2039,745,post,27:57.4
2040,805,profile_complete,27:57.4
2041,333,job_view,27:57.4
2042,656,comment,27:57.4
2043,995,job_view,27:57.4
2044,267,job_apply,27:57.4
2045,971,comment,27:57.4
2046,836,comment,27:57.4
2047,337,job_apply,27:57.4
2048,328,job_view,27:57.4
2049,435,signup,27:57.4
2050,944,job_apply,27:57.4
2051,863,job_view,27:57.4
2052,188,signup,27:57.4
2053,836,post,27:57.4
2054,910,post,27:57.4
2055,252,signup,27:57.4
2056,100,job_view,27:57.4
2057,866,job_view,27:57.4
2058,830,post,27:57.4
2059,323,comment,27:57.4
2060,849,comment,27:57.4
2061,38,post,27:57.4
2062,707,signup,27:57.4
2063,346,post,27:57.4
2064,857,profile_complete,27:57.4
2065,983,comment,27:57.4
2066,228,post,27:57.4
2067,772,post,27:57.4
2068,192,comment,27:57.4
2069,784,comment,27:57.4
2070,976,comment,27:57.4
2071,897,profile_complete,27:57.4
2072,418,profile_complete,27:57.4
2073,851,signup,27:57.4
2074,300,post,27:57.4
2075,964,comment,27:57.4
2076,101,comment,27:57.4
2077,842,comment,27:57.4
2078,221,comment,27:57.4
2079,979,job_view,27:57.4
2080,233,comment,27:57.4
2081,298,profile_complete,27:57.4
2082,412,comment,27:57.4
2083,527,job_apply,27:57.4
2084,888,post,27:57.4
2085,301,job_view,27:57.4
2086,353,profile_complete,27:57.4
2087,797,job_view,27:57.4
2088,80,comment,27:57.4
2089,174,job_apply,27:57.4
2090,521,job_apply,27:57.4
2091,247,comment,27:57.4
2092,175,signup,27:57.4
2093,837,job_view,27:57.4
2094,392,comment,27:57.4
2095,331,comment,27:57.4
2096,712,signup,27:57.4
2097,242,profile_complete,27:57.4
2098,198,job_view,27:57.4
2099,140,job_view,27:57.4
2100,338,comment,27:57.4
2101,379,comment,27:57.4
2102,486,job_view,27:57.4
2103,417,profile_complete,27:57.4
2104,829,job_apply,27:57.4
2105,134,post,27:57.4
2106,572,comment,27:57.4
2107,941,signup,27:57.4
2108,913,job_view,27:57.4
2109,234,comment,27:57.4
2110,683,profile_complete,27:57.4
2111,172,comment,27:57.4
2112,779,job_apply,27:57.4
2113,326,signup,27:57.4
2114,9,job_apply,27:57.4
2115,561,job_apply,27:57.4
2116,21,job_apply,27:57.4
2117,889,signup,27:57.4
2118,12,signup,27:57.4
2119,808,job_view,27:57.4
2120,850,job_view,27:57.4
2121,191,signup,27:57.4
2122,367,profile_complete,27:57.4
2123,118,job_view,27:57.4
2124,604,profile_complete,27:57.4
2125,53,signup,27:57.4
2126,42,profile_complete,27:57.4
2127,353,profile_complete,27:57.4
2128,644,job_view,27:57.4
2129,337,job_apply,27:57.4
2130,646,comment,27:57.4
2131,515,job_view,27:57.4
2132,819,profile_complete,27:57.4
2133,966,comment,27:57.4
2134,100,post,27:57.4
2135,826,profile_complete,27:57.4
2136,466,comment,27:57.4
2137,694,job_view,27:57.4
2138,464,post,27:57.4
2139,133,post,27:57.4
2140,771,job_apply,27:57.4
2141,931,signup,27:57.4
2142,444,comment,27:57.4
2143,45,signup,27:57.4
2144,864,post,27:57.4
2145,968,job_view,27:57.4
2146,406,signup,27:57.4
2147,226,profile_complete,27:57.4
2148,690,post,27:57.4
2149,383,comment,27:57.4
2150,676,job_view,27:57.4
2151,288,job_view,27:57.4
2152,927,signup,27:57.4
2153,1000,post,27:57.4
2154,335,comment,27:57.4
2155,88,signup,27:57.4
2156,496,comment,27:57.4
2157,679,job_apply,27:57.4
2158,90,post,27:57.4
2159,936,comment,27:57.4
2160,183,signup,27:57.4
2161,510,comment,27:57.4
2162,513,comment,27:57.4
2163,132,post,27:57.4
2164,260,job_apply,27:57.4
2165,823,job_view,27:57.4
2166,631,comment,27:57.4
2167,273,profile_complete,27:57.4
2168,856,comment,27:57.4
2169,129,comment,27:57.4
2170,563,profile_complete,27:57.4
2171,406,job_view,27:57.4
2172,463,post,27:57.4
2173,279,post,27:57.4
2174,124,comment,27:57.4
2175,187,post,27:57.4
2176,118,signup,27:57.4
2177,646,job_apply,27:57.4
2178,636,job_view,27:57.4
2179,728,comment,27:57.4
2180,852,job_apply,27:57.4
2181,169,signup,27:57.4
2182,257,profile_complete,27:57.4
2183,259,profile_complete,27:57.4
2184,333,post,27:57.4
2185,574,job_view,27:57.4
2186,139,signup,27:57.4
2187,848,profile_complete,27:57.4
2188,480,job_apply,27:57.4
2189,569,job_view,27:57.4
2190,893,job_view,27:57.4
2191,695,job_apply,27:57.4
2192,526,post,27:57.4
2193,426,signup,27:57.4
2194,797,comment,27:57.4
2195,86,signup,27:57.4
2196,299,profile_complete,27:57.4
2197,138,comment,27:57.4
2198,104,comment,27:57.4
2199,579,job_apply,27:57.4
2200,330,comment,27:57.4
2201,821,profile_complete,27:57.4
2202,9,post,27:57.4
2203,849,post,27:57.4
2204,807,profile_complete,27:57.4
2205,199,profile_complete,27:57.4
2206,936,job_apply,27:57.4
2207,939,post,27:57.4
2208,356,job_view,27:57.4
2209,125,post,27:57.4
2210,448,comment,27:57.4
2211,575,profile_complete,27:57.4
2212,257,job_apply,27:57.4
2213,560,post,27:57.4
2214,358,signup,27:57.4
2215,856,job_apply,27:57.4
2216,512,comment,27:57.4
2217,273,profile_complete,27:57.4
2218,572,signup,27:57.4
2219,783,job_apply,27:57.4
2220,863,signup,27:57.4
2221,430,post,27:57.4
2222,56,signup,27:57.4
2223,521,comment,27:57.4
2224,279,signup,27:57.4
2225,42,signup,27:57.4
2226,489,post,27:57.4
2227,574,comment,27:57.4
2228,752,post,27:57.4
2229,515,job_apply,27:57.4
2230,301,comment,27:57.4
2231,720,profile_complete,27:57.4
2232,781,signup,27:57.4
2233,899,comment,27:57.4
2234,160,job_apply,27:57.4
2235,475,job_view,27:57.4
2236,992,comment,27:57.4
2237,775,signup,27:57.4
2238,244,comment,27:57.4
2239,365,job_view,27:57.4
2240,952,signup,27:57.4
2241,615,comment,27:57.4
2242,318,signup,27:57.4
2243,695,signup,27:57.4
2244,919,post,27:57.4
2245,711,profile_complete,27:57.4
2246,133,post,27:57.4
2247,481,job_view,27:57.4
2248,426,post,27:57.4
2249,793,job_apply,27:57.4
2250,865,signup,27:57.4
2251,272,signup,27:57.4
2252,175,job_apply,27:57.4
2253,124,job_apply,27:57.4
2254,578,job_view,27:57.4
2255,297,comment,27:57.4
2256,394,post,27:57.4
2257,81,job_view,27:57.4
2258,468,job_apply,27:57.4
2259,335,comment,27:57.4
2260,729,comment,27:57.4
2261,241,signup,27:57.4
2262,68,post,27:57.4
2263,739,job_apply,27:57.4
2264,575,signup,27:57.4
2265,961,job_view,27:57.4
2266,922,job_apply,27:57.4
2267,753,signup,27:57.4
2268,226,profile_complete,27:57.4
2269,875,profile_complete,27:57.4
2270,795,job_view,27:57.4
2271,730,profile_complete,27:57.4
2272,106,comment,27:57.4
2273,316,job_view,27:57.4
2274,248,signup,27:57.4
2275,396,comment,27:57.4
2276,77,signup,27:57.4
2277,957,job_apply,27:57.4
2278,743,post,27:57.4
2279,460,job_apply,27:57.4
2280,788,job_view,27:57.4
2281,484,profile_complete,27:57.4
2282,623,post,27:57.4
2283,117,job_view,27:57.4
2284,757,job_view,27:57.4
2285,14,post,27:57.4
2286,868,job_apply,27:57.4
2287,484,comment,27:57.4
2288,754,profile_complete,27:57.4
2289,177,signup,27:57.4
2290,14,job_view,27:57.4
2291,586,profile_complete,27:57.4
2292,533,post,27:57.4
2293,43,signup,27:57.4
2294,175,post,27:57.4
2295,449,job_apply,27:57.4
2296,776,job_apply,27:57.4
2297,137,signup,27:57.4
2298,382,comment,27:57.4
2299,101,job_apply,27:57.4
2300,855,job_apply,27:57.4
2301,745,post,27:57.4
2302,706,signup,27:57.4
2303,897,job_apply,27:57.4
2304,578,job_view,27:57.4
2305,173,profile_complete,27:57.4
2306,651,signup,27:57.4
2307,472,comment,27:57.4
2308,108,profile_complete,27:57.4
2309,628,profile_complete,27:57.4
2310,695,job_apply,27:57.4
2311,838,job_apply,27:57.4
2312,361,job_view,27:57.4
2313,619,profile_complete,27:57.4
2314,807,job_apply,27:57.4
2315,44,signup,27:57.4
2316,523,job_view,27:57.4
2317,225,post,27:57.4
2318,496,comment,27:57.4
2319,813,job_view,27:57.4
2320,819,post,27:57.4
2321,228,comment,27:57.4
2322,735,signup,27:57.4
2323,761,comment,27:57.4
2324,119,job_apply,27:57.4
2325,893,job_view,27:57.4
2326,440,post,27:57.4
2327,53,job_apply,27:57.4
2328,117,profile_complete,27:57.4
2329,557,job_apply,27:57.4
2330,351,comment,27:57.4
2331,876,profile_complete,27:57.4
2332,596,post,27:57.4
2333,43,job_view,27:57.4
2334,79,signup,27:57.4
2335,766,signup,27:57.4
2336,249,job_apply,27:57.4
2337,996,signup,27:57.4
2338,729,post,27:57.4
2339,351,post,27:57.4
2340,776,post,27:57.4
2341,598,signup,27:57.4
2342,130,signup,27:57.4
2343,949,job_apply,27:57.4
2344,283,comment,27:57.4
2345,931,job_apply,27:57.4
2346,26,comment,27:57.4
2347,628,signup,27:57.4
2348,842,job_view,27:57.4
2349,501,signup,27:57.4
2350,311,signup,27:57.4
2351,682,post,27:57.4
2352,456,comment,27:57.4
2353,971,comment,27:57.4
2354,665,profile_complete,27:57.4
2355,925,post,27:57.4
2356,331,signup,27:57.4
2357,354,comment,27:57.4
2358,796,comment,27:57.4
2359,541,job_view,27:57.4
2360,803,job_view,27:57.4
2361,635,profile_complete,27:57.4
2362,697,signup,27:57.4
2363,484,job_apply,27:57.4
2364,885,job_view,27:57.4
2365,583,job_view,27:57.4
2366,852,profile_complete,27:57.4
2367,540,signup,27:57.4
2368,413,job_view,27:57.4
2369,646,job_view,27:57.4
2370,374,job_view,27:57.4
2371,609,job_view,27:57.4
2372,634,job_apply,27:57.4
2373,745,profile_complete,27:57.4
2374,612,post,27:57.4
2375,88,profile_complete,27:57.4
2376,247,job_apply,27:57.4
2377,701,job_view,27:57.4
2378,364,signup,27:57.4
2379,933,profile_complete,27:57.4
2380,651,job_view,27:57.4
2381,701,job_apply,27:57.4
2382,117,signup,27:57.4
2383,204,signup,27:57.4
2384,51,profile_complete,27:57.4
2385,931,post,27:57.4
2386,980,signup,27:57.4
2387,640,signup,27:57.4
2388,438,job_apply,27:57.4
2389,811,job_view,27:57.4
2390,919,job_view,27:57.4
2391,263,job_view,27:57.4
2392,734,job_view,27:57.4
2393,265,comment,27:57.4
2394,210,comment,27:57.4
2395,777,post,27:57.4
2396,69,comment,27:57.4
2397,677,profile_complete,27:57.4
2398,563,post,27:57.4
2399,475,comment,27:57.4
2400,731,job_apply,27:57.4
2401,992,job_apply,27:57.4
2402,470,comment,27:57.4
2403,827,job_view,27:57.4
2404,533,signup,27:57.4
2405,207,job_view,27:57.4
2406,895,job_view,27:57.4
2407,417,comment,27:57.4
2408,45,profile_complete,27:57.4
2409,549,comment,27:57.4
2410,650,signup,27:57.4
2411,875,job_apply,27:57.4
2412,757,post,27:57.4
2413,223,job_view,27:57.4
2414,376,comment,27:57.4
2415,249,comment,27:57.4
2416,463,job_apply,27:57.4
2417,686,profile_complete,27:57.4
2418,223,comment,27:57.4
2419,132,job_view,27:57.4
2420,488,job_view,27:57.4
2421,55,comment,27:57.4
2422,870,comment,27:57.4
2423,1,comment,27:57.4
2424,114,job_apply,27:57.4
2425,649,job_view,27:57.4
2426,251,signup,27:57.4
2427,489,profile_complete,27:57.4
2428,121,comment,27:57.4
2429,678,post,27:57.4
2430,805,profile_complete,27:57.4
2431,546,signup,27:57.4
2432,418,comment,27:57.4
2433,939,job_apply,27:57.4
2434,712,comment,27:57.4
2435,620,job_view,27:57.4
2436,37,profile_complete,27:57.4
2437,45,comment,27:57.4
2438,527,job_apply,27:57.4
2439,132,job_apply,27:57.4
2440,167,job_view,27:57.4
2441,756,job_view,27:57.4
2442,927,job_apply,27:57.4
2443,665,profile_complete,27:57.4
2444,585,job_view,27:57.4
2445,741,signup,27:57.4
2446,46,signup,27:57.4
2447,679,profile_complete,27:57.4
2448,952,post,27:57.4
2449,398,post,27:57.4
2450,806,signup,27:57.4
2451,987,signup,27:57.4
2452,53,comment,27:57.4
2453,80,post,27:57.4
2454,616,signup,27:57.4
2455,329,signup,27:57.4
2456,944,job_apply,27:57.4
2457,413,post,27:57.4
2458,806,post,27:57.4
2459,973,job_view,27:57.4
2460,469,profile_complete,27:57.4
2461,571,profile_complete,27:57.4
2462,653,post,27:57.4
2463,292,job_apply,27:57.4
2464,920,comment,27:57.4
2465,641,comment,27:57.4
2466,995,post,27:57.4
2467,215,profile_complete,27:57.4
2468,832,job_apply,27:57.4
2469,276,profile_complete,27:57.4
2470,88,profile_complete,27:57.4
2471,943,comment,27:57.4
2472,959,comment,27:57.4
2473,445,job_view,27:57.4
2474,652,profile_complete,27:57.4
2475,194,signup,27:57.4
2476,672,profile_complete,27:57.4
2477,102,job_apply,27:57.4
2478,926,post,27:57.4
2479,827,comment,27:57.4
2480,954,signup,27:57.4
2481,785,job_apply,27:57.4
2482,814,post,27:57.4
2483,838,comment,27:57.4
2484,586,post,27:57.4
2485,543,comment,27:57.4
2486,44,job_view,27:57.4
2487,75,job_apply,27:57.4
2488,451,comment,27:57.4
2489,957,profile_complete,27:57.4
2490,515,profile_complete,27:57.4
2491,244,post,27:57.4
2492,892,signup,27:57.4
2493,635,signup,27:57.4
2494,851,job_view,27:57.4
2495,837,job_apply,27:57.4
2496,996,comment,27:57.4
2497,969,profile_complete,27:57.4
2498,757,job_view,27:57.4
2499,979,comment,27:57.4
2500,125,job_apply,27:57.4
2501,750,signup,27:57.4
2502,725,profile_complete,27:57.4
2503,234,job_apply,27:57.4
2504,707,profile_complete,27:57.4
2505,786,profile_complete,27:57.4
2506,663,job_apply,27:57.4
2507,945,signup,27:57.4
2508,763,job_view,27:57.4
2509,11,post,27:57.4
2510,933,post,27:57.4
2511,558,job_view,27:57.4
2512,390,comment,27:57.4
2513,798,job_view,27:57.4
2514,878,job_view,27:57.4
2515,995,profile_complete,27:57.4
2516,320,profile_complete,27:57.4
2517,794,job_apply,27:57.4
2518,580,signup,27:57.4
2519,412,post,27:57.4
2520,797,post,27:57.4
2521,771,job_apply,27:57.4
2522,300,comment,27:57.4
2523,69,job_apply,27:57.4
2524,440,post,27:57.4
2525,161,signup,27:57.4
2526,20,post,27:57.4
2527,967,profile_complete,27:57.4
2528,705,signup,27:57.4
2529,321,job_view,27:57.4
2530,524,job_apply,27:57.4
2531,72,signup,27:57.4
2532,357,job_view,27:57.4
2533,632,profile_complete,27:57.4
2534,393,post,27:57.4
2535,406,job_apply,27:57.4
2536,967,comment,27:57.4
2537,711,job_view,27:57.4
2538,532,post,27:57.4
2539,70,signup,27:57.4
2540,968,post,27:57.4
2541,75,comment,27:57.4
2542,913,job_apply,27:57.4
2543,787,job_view,27:57.4
2544,1000,post,27:57.4
2545,452,job_apply,27:57.4
2546,627,post,27:57.4
2547,113,signup,27:57.4
2548,18,job_apply,27:57.4
2549,218,profile_complete,27:57.4
2550,474,comment,27:57.4
2551,99,job_view,27:57.4
2552,348,comment,27:57.4
2553,587,comment,27:57.4
2554,259,profile_complete,27:57.4
2555,872,profile_complete,27:57.4
2556,234,post,27:57.4
2557,509,comment,27:57.4
2558,66,job_apply,27:57.4
2559,957,job_view,27:57.4
2560,391,job_view,27:57.4
2561,821,signup,27:57.4
2562,585,comment,27:57.4
2563,778,job_view,27:57.4
2564,261,signup,27:57.4
2565,315,comment,27:57.4
2566,7,job_view,27:57.4
2567,988,comment,27:57.4
2568,69,job_view,27:57.4
2569,590,signup,27:57.4
2570,382,post,27:57.4
2571,664,job_apply,27:57.4
2572,470,job_apply,27:57.4
2573,842,job_apply,27:57.4
2574,641,signup,27:57.4
2575,268,job_view,27:57.4
2576,92,comment,27:57.4
2577,676,signup,27:57.4
2578,70,job_view,27:57.4
2579,732,signup,27:57.4
2580,688,post,27:57.4
2581,950,job_view,27:57.4
2582,887,profile_complete,27:57.4
2583,626,profile_complete,27:57.4
2584,364,signup,27:57.4
2585,188,post,27:57.4
2586,804,profile_complete,27:57.4
2587,531,signup,27:57.4
2588,606,post,27:57.4
2589,864,job_view,27:57.4
2590,170,job_view,27:57.4
2591,817,job_view,27:57.4
2592,283,comment,27:57.4
2593,732,signup,27:57.4
2594,725,post,27:57.4
2595,243,profile_complete,27:57.4
2596,662,signup,27:57.4
2597,811,job_apply,27:57.4
2598,683,job_view,27:57.4
2599,945,comment,27:57.4
2600,926,signup,27:57.4
2601,845,profile_complete,27:57.4
2602,900,post,27:57.4
2603,696,comment,27:57.4
2604,256,signup,27:57.4
2605,930,job_apply,27:57.4
2606,620,post,27:57.4
2607,98,profile_complete,27:57.4
2608,508,post,27:57.4
2609,929,signup,27:57.4
2610,516,post,27:57.4
2611,490,profile_complete,27:57.4
2612,858,signup,27:57.4
2613,953,comment,27:57.4
2614,494,job_apply,27:57.4
2615,244,post,27:57.4
2616,807,job_apply,27:57.4
2617,189,signup,27:57.4
2618,675,comment,27:57.4
2619,85,signup,27:57.4
2620,844,post,27:57.4
2621,972,signup,27:57.4
2622,779,signup,27:57.4
2623,870,comment,27:57.4
2624,68,signup,27:57.4
2625,275,signup,27:57.4
2626,823,job_view,27:57.4
2627,316,comment,27:57.4
2628,3,comment,27:57.4
2629,16,comment,27:57.4
2630,655,profile_complete,27:57.4
2631,148,profile_complete,27:57.4
2632,76,signup,27:57.4
2633,614,signup,27:57.4
2634,753,comment,27:57.4
2635,879,signup,27:57.4
2636,275,post,27:57.4
2637,139,comment,27:57.4
2638,635,job_view,27:57.4
2639,549,job_apply,27:57.4
2640,115,post,27:57.4
2641,524,job_view,27:57.4
2642,134,comment,27:57.4
2643,355,comment,27:57.4
2644,128,job_view,27:57.4
2645,371,comment,27:57.4
2646,354,profile_complete,27:57.4
2647,631,post,27:57.4
2648,858,profile_complete,27:57.4
2649,841,signup,27:57.4
2650,976,signup,27:57.4
2651,850,comment,27:57.4
2652,655,post,27:57.4
2653,70,job_apply,27:57.4
2654,272,signup,27:57.4
2655,740,job_view,27:57.4
2656,931,signup,27:57.4
2657,741,job_view,27:57.4
2658,846,job_apply,27:57.4
2659,46,comment,27:57.4
2660,309,job_view,27:57.4
2661,23,job_view,27:57.4
2662,238,post,27:57.4
2663,673,comment,27:57.4
2664,926,profile_complete,27:57.4
2665,731,signup,27:57.4
2666,470,signup,27:57.4
2667,91,comment,27:57.4
2668,675,comment,27:57.4
2669,562,comment,27:57.4
2670,97,profile_complete,27:57.4
2671,673,comment,27:57.4
2672,119,comment,27:57.4
2673,793,signup,27:57.4
2674,708,post,27:57.4
2675,266,post,27:57.4
2676,714,job_view,27:57.4
2677,644,job_apply,27:57.4
2678,143,post,27:57.4
2679,271,profile_complete,27:57.4
2680,284,profile_complete,27:57.4
2681,507,job_view,27:57.4
2682,405,job_view,27:57.4
2683,60,comment,27:57.4
2684,272,post,27:57.4
2685,321,signup,27:57.4
2686,752,job_view,27:57.4
2687,371,comment,27:57.4
2688,581,signup,27:57.4
2689,209,job_apply,27:57.4
2690,86,post,27:57.4
2691,995,comment,27:57.4
2692,590,comment,27:57.4
2693,221,comment,27:57.4
2694,663,comment,27:57.4
2695,803,job_apply,27:57.4
2696,589,profile_complete,27:57.4
2697,267,profile_complete,27:57.4
2698,445,comment,27:57.4
2699,302,job_view,27:57.4
2700,938,profile_complete,27:57.4
2701,68,job_view,27:57.4
2702,869,job_view,27:57.4
2703,942,job_apply,27:57.4
2704,42,job_apply,27:57.4
2705,913,job_view,27:57.4
2706,157,post,27:57.4
2707,251,profile_complete,27:57.4
2708,444,job_view,27:57.4
2709,886,job_apply,27:57.4
2710,552,job_apply,27:57.4
2711,829,comment,27:57.4
2712,59,job_apply,27:57.4
2713,951,job_view,27:57.4
2714,809,signup,27:57.4
2715,120,signup,27:57.4
2716,458,profile_complete,27:57.4
2717,94,signup,27:57.4
2718,949,job_apply,27:57.4
2719,990,comment,27:57.4
2720,366,profile_complete,27:57.4
2721,972,job_apply,27:57.4
2722,685,signup,27:57.4
2723,520,job_view,27:57.4
2724,766,job_view,27:57.4
2725,662,job_apply,27:57.4
2726,929,profile_complete,27:57.4
2727,450,profile_complete,27:57.4
2728,444,comment,27:57.4
2729,684,job_view,27:57.4
2730,414,profile_complete,27:57.4
2731,863,post,27:57.4
2732,154,job_view,27:57.4
2733,31,job_view,27:57.4
2734,870,job_apply,27:57.4
2735,719,signup,27:57.4
2736,869,job_apply,27:57.4
2737,763,job_view,27:57.4
2738,427,profile_complete,27:57.4
2739,815,post,27:57.4
2740,458,job_apply,27:57.4
2741,31,comment,27:57.4
2742,58,post,27:57.4
2743,300,comment,27:57.4
2744,526,job_apply,27:57.4
2745,95,job_apply,27:57.4
2746,960,job_view,27:57.4
2747,720,job_apply,27:57.4
2748,877,post,27:57.4
2749,697,signup,27:57.4
2750,644,profile_complete,27:57.4
2751,221,job_view,27:57.4
2752,953,job_apply,27:57.4
2753,166,signup,27:57.4
2754,64,comment,27:57.4
2755,350,profile_complete,27:57.4
2756,780,signup,27:57.4
2757,66,job_view,27:57.4
2758,806,post,27:57.4
2759,204,job_view,27:57.4
2760,363,profile_complete,27:57.4
2761,218,job_view,27:57.4
2762,862,job_view,27:57.4
2763,845,job_view,27:57.4
2764,560,post,27:57.4
2765,734,comment,27:57.4
2766,112,job_apply,27:57.4
2767,137,post,27:57.4
2768,527,comment,27:57.4
2769,729,comment,27:57.4
2770,562,signup,27:57.4
2771,5,profile_complete,27:57.4
2772,672,comment,27:57.4
2773,14,job_apply,27:57.4
2774,480,job_apply,27:57.4
2775,88,comment,27:57.4
2776,382,job_apply,27:57.4
2777,284,job_apply,27:57.4
2778,259,post,27:57.4
2779,818,signup,27:57.4
2780,26,signup,27:57.4
2781,370,comment,27:57.4
2782,761,signup,27:57.4
2783,592,comment,27:57.4
2784,22,job_view,27:57.4
2785,165,post,27:57.4
2786,359,signup,27:57.4
2787,322,profile_complete,27:57.4
2788,951,comment,27:57.4
2789,445,comment,27:57.4
2790,68,job_view,27:57.4
2791,752,job_apply,27:57.4
2792,647,job_view,27:57.4
2793,545,job_view,27:57.4
2794,776,post,27:57.4
2795,356,job_apply,27:57.4
2796,992,post,27:57.4
2797,355,signup,27:57.4
2798,760,post,27:57.4
2799,211,job_apply,27:57.4
2800,231,post,27:57.4
2801,888,job_view,27:57.4
2802,231,signup,27:57.4
2803,112,job_view,27:57.4
2804,148,job_apply,27:57.4
2805,549,signup,27:57.4
2806,566,job_view,27:57.4
2807,55,comment,27:57.4
2808,11,profile_complete,27:57.4
2809,795,profile_complete,27:57.4
2810,22,profile_complete,27:57.4
2811,240,job_apply,27:57.4
2812,535,comment,27:57.4
2813,713,comment,27:57.4
2814,363,job_apply,27:57.4
2815,337,signup,27:57.4
2816,911,signup,27:57.4
2817,900,job_view,27:57.4
2818,324,comment,27:57.4
2819,261,job_apply,27:57.4
2820,284,post,27:57.4
2821,631,profile_complete,27:57.4
2822,154,job_view,27:57.4
2823,618,signup,27:57.4
2824,331,comment,27:57.4
2825,539,profile_complete,27:57.4
2826,485,job_apply,27:57.4
2827,381,signup,27:57.4
2828,728,comment,27:57.4
2829,235,profile_complete,27:57.4
2830,11,job_apply,27:57.4
2831,837,job_view,27:57.4
2832,65,job_view,27:57.4
2833,471,comment,27:57.4
2834,687,post,27:57.4
2835,345,comment,27:57.4
2836,906,job_view,27:57.4
2837,961,profile_complete,27:57.4
2838,755,signup,27:57.4
2839,219,post,27:57.4
2840,842,job_apply,27:57.4
2841,86,job_view,27:57.4
2842,773,job_apply,27:57.4
2843,724,post,27:57.4
2844,494,job_view,27:57.4
2845,670,job_view,27:57.4
2846,49,profile_complete,27:57.4
2847,498,post,27:57.4
2848,651,job_view,27:57.4
2849,554,post,27:57.4
2850,198,job_view,27:57.4
2851,283,profile_complete,27:57.4
2852,754,signup,27:57.4
2853,85,signup,27:57.4
2854,81,signup,27:57.4
2855,938,profile_complete,27:57.4
2856,832,job_apply,27:57.4
2857,560,comment,27:57.4
2858,76,profile_complete,27:57.4
2859,163,comment,27:57.4
2860,178,job_apply,27:57.4
2861,834,job_view,27:57.4
2862,586,post,27:57.4
2863,486,job_view,27:57.4
2864,697,job_view,27:57.4
2865,687,job_apply,27:57.4
2866,121,comment,27:57.4
2867,898,post,27:57.4
2868,522,profile_complete,27:57.4
2869,986,comment,27:57.4
2870,539,profile_complete,27:57.4
2871,412,comment,27:57.4
2872,675,job_apply,27:57.4
2873,362,post,27:57.4
2874,311,job_view,27:57.4
2875,555,signup,27:57.4
2876,385,comment,27:57.4
2877,712,profile_complete,27:57.4
2878,152,comment,27:57.4
2879,64,job_apply,27:57.4
2880,394,profile_complete,27:57.4
2881,922,comment,27:57.4
2882,819,job_apply,27:57.4
2883,917,comment,27:57.4
2884,307,post,27:57.4
2885,217,comment,27:57.4
2886,226,job_apply,27:57.4
2887,767,post,27:57.4
2888,18,post,27:57.4
2889,749,comment,27:57.4
2890,394,job_view,27:57.4
2891,48,profile_complete,27:57.4
2892,539,job_view,27:57.4
2893,334,job_apply,27:57.4
2894,304,post,27:57.4
2895,394,post,27:57.4
2896,830,job_apply,27:57.4
2897,247,comment,27:57.4
2898,813,signup,27:57.4
2899,996,job_view,27:57.4
2900,777,signup,27:57.4
2901,262,job_view,27:57.4
2902,953,job_view,27:57.4
2903,541,profile_complete,27:57.4
2904,953,profile_complete,27:57.4
2905,464,post,27:57.4
2906,58,profile_complete,27:57.4
2907,146,job_view,27:57.4
2908,737,signup,27:57.4
2909,743,signup,27:57.4
2910,867,post,27:57.4
2911,621,signup,27:57.4
2912,465,comment,27:57.4
2913,33,job_apply,27:57.4
2914,916,job_apply,27:57.4
2915,669,post,27:57.4
2916,182,comment,27:57.4
2917,488,comment,27:57.4
2918,597,profile_complete,27:57.4
2919,694,comment,27:57.4
2920,825,signup,27:57.4
2921,8,comment,27:57.4
2922,881,job_apply,27:57.4
2923,353,profile_complete,27:57.4
2924,92,post,27:57.4
2925,608,post,27:57.4
2926,449,comment,27:57.4
2927,377,job_view,27:57.4
2928,643,job_view,27:57.4
2929,653,signup,27:57.4
2930,386,profile_complete,27:57.4
2931,880,job_apply,27:57.4
2932,2,comment,27:57.4
2933,883,job_view,27:57.4
2934,613,job_view,27:57.4
2935,385,signup,27:57.4
2936,10,job_apply,27:57.4
2937,292,job_view,27:57.4
2938,852,profile_complete,27:57.4
2939,748,comment,27:57.4
2940,206,job_apply,27:57.4
2941,892,signup,27:57.4
2942,565,signup,27:57.4
2943,718,job_view,27:57.4
2944,13,post,27:57.4
2945,983,profile_complete,27:57.4
2946,451,job_apply,27:57.4
2947,970,comment,27:57.4
2948,889,comment,27:57.4
2949,890,comment,27:57.4
2950,136,post,27:57.4
2951,184,comment,27:57.4
2952,73,job_view,27:57.4
2953,876,comment,27:57.4
2954,977,post,27:57.4
2955,679,comment,27:57.4
2956,205,comment,27:57.4
2957,318,job_view,27:57.4
2958,11,job_apply,27:57.4
2959,720,comment,27:57.4
2960,385,signup,27:57.4
2961,52,profile_complete,27:57.4
2962,886,signup,27:57.4
2963,687,job_apply,27:57.4
2964,159,job_view,27:57.4
2965,303,comment,27:57.4
2966,536,post,27:57.4
2967,829,job_apply,27:57.4
2968,427,comment,27:57.4
2969,879,comment,27:57.4
2970,850,post,27:57.4
2971,513,signup,27:57.4
2972,170,comment,27:57.4
2973,142,profile_complete,27:57.4
2974,109,profile_complete,27:57.4
2975,711,job_view,27:57.4
2976,639,comment,27:57.4
2977,235,job_view,27:57.4
2978,310,profile_complete,27:57.4
2979,31,job_view,27:57.4
2980,244,job_apply,27:57.4
2981,961,job_apply,27:57.4
2982,839,job_view,27:57.4
2983,436,job_view,27:57.4
2984,791,comment,27:57.4
2985,126,signup,27:57.4
2986,147,job_view,27:57.4
2987,651,post,27:57.4
2988,668,job_view,27:57.4
2989,413,profile_complete,27:57.4
2990,718,post,27:57.4
2991,756,job_view,27:57.4
2992,859,profile_complete,27:57.4
2993,493,profile_complete,27:57.4
2994,208,signup,27:57.4
2995,822,profile_complete,27:57.4
2996,585,signup,27:57.4
2997,36,job_view,27:57.4
2998,750,job_view,27:57.4
2999,589,comment,27:57.4
3000,99,job_view,27:57.4
3001,196,comment,27:57.4
3002,441,job_view,27:57.4
3003,579,signup,27:57.4
3004,415,post,27:57.4
3005,627,job_apply,27:57.4
3006,744,job_view,27:57.4
3007,102,comment,27:57.4
3008,473,job_apply,27:57.4
3009,617,profile_complete,27:57.4
3010,141,post,27:57.4
3011,598,profile_complete,27:57.4
3012,160,profile_complete,27:57.4
3013,993,signup,27:57.4
3014,827,signup,27:57.4
3015,788,post,27:57.4
3016,850,job_apply,27:57.4
3017,570,job_apply,27:57.4
3018,308,profile_complete,27:57.4
3019,399,post,27:57.4
3020,278,comment,27:57.4
3021,350,comment,27:57.4
3022,803,signup,27:57.4
3023,897,post,27:57.4
3024,198,profile_complete,27:57.4
3025,644,post,27:57.4
3026,325,signup,27:57.4
3027,767,job_apply,27:57.4
3028,472,profile_complete,27:57.4
3029,910,comment,27:57.4
3030,618,post,27:57.4
3031,805,profile_complete,27:57.4
3032,647,post,27:57.4
3033,249,comment,27:57.4
3034,314,signup,27:57.4
3035,239,profile_complete,27:57.4
3036,294,profile_complete,27:57.4
3037,919,profile_complete,27:57.4
3038,781,job_view,27:57.4
3039,956,job_view,27:57.4
3040,179,signup,27:57.4
3041,815,post,27:57.4
3042,487,comment,27:57.4
3043,136,comment,27:57.4
3044,559,job_apply,27:57.4
3045,989,profile_complete,27:57.4
3046,77,comment,27:57.4
3047,103,job_apply,27:57.4
3048,962,post,27:57.4
3049,991,job_apply,27:57.4
3050,282,signup,27:57.4
3051,454,signup,27:57.4
3052,845,post,27:57.4
3053,953,comment,27:57.4
3054,638,job_apply,27:57.4
3055,160,signup,27:57.4
3056,191,job_apply,27:57.4
3057,264,comment,27:57.4
3058,929,signup,27:57.4
3059,615,signup,27:57.4
3060,395,profile_complete,27:57.4
3061,187,signup,27:57.4
3062,464,job_apply,27:57.4
3063,347,signup,27:57.4
3064,770,post,27:57.4
3065,190,comment,27:57.4
3066,656,job_apply,27:57.4
3067,962,job_view,27:57.4
3068,225,profile_complete,27:57.4
3069,447,job_apply,27:57.4
3070,610,job_apply,27:57.4
3071,829,job_apply,27:57.4
3072,761,job_view,27:57.4
3073,824,profile_complete,27:57.4
3074,32,comment,27:57.4
3075,739,job_view,27:57.4
3076,845,comment,27:57.4
3077,877,profile_complete,27:57.4
3078,790,post,27:57.4
3079,868,post,27:57.4
3080,516,signup,27:57.4
3081,234,signup,27:57.4
3082,95,profile_complete,27:57.4
3083,959,profile_complete,27:57.4
3084,670,job_view,27:57.4
3085,762,job_apply,27:57.4
3086,324,profile_complete,27:57.4
3087,69,job_apply,27:57.4
3088,123,post,27:57.4
3089,559,profile_complete,27:57.4
3090,415,job_apply,27:57.4
3091,939,job_apply,27:57.4
3092,140,job_apply,27:57.4
3093,153,profile_complete,27:57.4
3094,268,job_view,27:57.4
3095,370,job_apply,27:57.4
3096,377,signup,27:57.4
3097,563,profile_complete,27:57.4
3098,773,signup,27:57.4
3099,961,post,27:57.4
3100,135,profile_complete,27:57.4
3101,320,profile_complete,27:57.4
3102,629,profile_complete,27:57.4
3103,397,signup,27:57.4
3104,515,profile_complete,27:57.4
3105,598,signup,27:57.4
3106,898,comment,27:57.4
3107,531,post,27:57.4
3108,693,job_apply,27:57.4
3109,671,post,27:57.4
3110,270,job_view,27:57.4
3111,199,profile_complete,27:57.4
3112,18,job_view,27:57.4
3113,827,post,27:57.4
3114,50,job_apply,27:57.4
3115,753,profile_complete,27:57.4
3116,281,comment,27:57.4
3117,222,signup,27:57.4
3118,387,comment,27:57.4
3119,675,profile_complete,27:57.4
3120,627,job_view,27:57.4
3121,532,post,27:57.4
3122,505,post,27:57.4
3123,346,signup,27:57.4
3124,541,job_apply,27:57.4
3125,908,job_view,27:57.4
3126,80,job_view,27:57.4
3127,426,post,27:57.4
3128,674,signup,27:57.4
3129,902,post,27:57.4
3130,625,profile_complete,27:57.4
3131,389,signup,27:57.4
3132,260,signup,27:57.4
3133,357,job_view,27:57.4
3134,793,job_view,27:57.4
3135,107,job_view,27:57.4
3136,288,post,27:57.4
3137,337,job_view,27:57.4
3138,758,job_apply,27:57.4
3139,262,job_apply,27:57.4
3140,327,job_apply,27:57.4
3141,38,job_apply,27:57.4
3142,46,profile_complete,27:57.4
3143,328,profile_complete,27:57.4
3144,359,comment,27:57.4
3145,109,job_apply,27:57.4
3146,869,post,27:57.4
3147,786,signup,27:57.4
3148,5,comment,27:57.4
3149,865,post,27:57.4
3150,103,profile_complete,27:57.4
3151,72,profile_complete,27:57.4
3152,619,profile_complete,27:57.4
3153,466,job_apply,27:57.4
3154,646,post,27:57.4
3155,401,profile_complete,27:57.4
3156,661,signup,27:57.4
3157,834,job_apply,27:57.4
3158,825,profile_complete,27:57.4
3159,760,signup,27:57.4
3160,730,post,27:57.4
3161,206,job_view,27:57.4
3162,327,job_view,27:57.4
3163,67,post,27:57.4
3164,942,post,27:57.4
3165,801,job_apply,27:57.4
3166,959,job_view,27:57.4
3167,68,profile_complete,27:57.4
3168,384,job_apply,27:57.4
3169,796,job_apply,27:57.4
3170,557,job_apply,27:57.4
3171,433,job_view,27:57.4
3172,526,signup,27:57.4
3173,948,job_view,27:57.4
3174,152,post,27:57.4
3175,74,post,27:57.4
3176,595,job_apply,27:57.4
3177,335,signup,27:57.4
3178,936,job_view,27:57.4
3179,393,comment,27:57.4
3180,851,job_view,27:57.4
3181,593,comment,27:57.4
3182,500,post,27:57.4
3183,541,job_apply,27:57.4
3184,219,post,27:57.4
3185,163,job_apply,27:57.4
3186,135,job_view,27:57.4
3187,967,comment,27:57.4
3188,785,comment,27:57.4
3189,757,job_apply,27:57.4
3190,173,profile_complete,27:57.4
3191,673,signup,27:57.4
3192,346,post,27:57.4
3193,991,job_apply,27:57.4
3194,542,comment,27:57.4
3195,415,signup,27:57.4
3196,359,job_apply,27:57.4
3197,644,profile_complete,27:57.4
3198,47,signup,27:57.4
3199,788,job_apply,27:57.4
3200,931,signup,27:57.4
3201,5,post,27:57.4
3202,939,comment,27:57.4
3203,796,job_view,27:57.4
3204,787,job_apply,27:57.4
3205,449,job_apply,27:57.4
3206,531,post,27:57.4
3207,881,job_apply,27:57.4
3208,817,comment,27:57.4
3209,763,comment,27:57.4
3210,438,comment,27:57.4
3211,748,job_apply,27:57.4
3212,50,post,27:57.4
3213,919,post,27:57.4
3214,739,profile_complete,27:57.4
3215,745,signup,27:57.4
3216,111,job_view,27:57.4
3217,994,job_view,27:57.4
3218,837,profile_complete,27:57.4
3219,988,profile_complete,27:57.4
3220,770,post,27:57.4
3221,817,job_view,27:57.4
3222,553,comment,27:57.4
3223,712,profile_complete,27:57.4
3224,873,profile_complete,27:57.4
3225,677,comment,27:57.4
3226,684,job_view,27:57.4
3227,56,signup,27:57.4
3228,383,signup,27:57.4
3229,851,signup,27:57.4
3230,21,post,27:57.4
3231,665,profile_complete,27:57.4
3232,910,profile_complete,27:57.4
3233,975,job_apply,27:57.4
3234,813,post,27:57.4
3235,187,comment,27:57.4
3236,99,signup,27:57.4
3237,794,profile_complete,27:57.4
3238,909,signup,27:57.4
3239,577,comment,27:57.4
3240,967,profile_complete,27:57.4
3241,463,post,27:57.4
3242,512,job_apply,27:57.4
3243,416,job_view,27:57.4
3244,971,signup,27:57.4
3245,187,post,27:57.4
3246,471,job_apply,27:57.4
3247,201,job_apply,27:57.4
3248,410,comment,27:57.4
3249,16,post,27:57.4
3250,79,signup,27:57.4
3251,280,job_view,27:57.4
3252,898,signup,27:57.4
3253,762,job_view,27:57.4
3254,108,post,27:57.4
3255,536,job_apply,27:57.4
3256,144,comment,27:57.4
3257,182,signup,27:57.4
3258,155,comment,27:57.4
3259,716,signup,27:57.4
3260,48,profile_complete,27:57.4
3261,779,signup,27:57.4
3262,558,post,27:57.4
3263,897,job_apply,27:57.4
3264,5,job_view,27:57.4
3265,447,job_view,27:57.4
3266,229,post,27:57.4
3267,605,profile_complete,27:57.4
3268,962,job_apply,27:57.4
3269,352,post,27:57.4
3270,725,job_view,27:57.4
3271,142,profile_complete,27:57.4
3272,438,post,27:57.4
3273,777,signup,27:57.4
3274,858,job_apply,27:57.4
3275,710,post,27:57.4
3276,52,comment,27:57.4
3277,441,comment,27:57.4
3278,55,job_view,27:57.4
3279,63,profile_complete,27:57.4
3280,335,post,27:57.4
3281,306,post,27:57.4
3282,887,signup,27:57.4
3283,78,profile_complete,27:57.4
3284,117,job_apply,27:57.4
3285,660,job_view,27:57.4
3286,47,job_apply,27:57.4
3287,869,profile_complete,27:57.4
3288,594,profile_complete,27:57.4
3289,668,post,27:57.4
3290,849,comment,27:57.4
3291,802,profile_complete,27:57.4
3292,179,job_view,27:57.4
3293,755,post,27:57.4
3294,461,job_view,27:57.4
3295,716,post,27:57.4
3296,190,post,27:57.4
3297,200,signup,27:57.4
3298,132,comment,27:57.4
3299,733,comment,27:57.4
3300,817,job_view,27:57.4
3301,820,signup,27:57.4
3302,161,post,27:57.4
3303,843,job_view,27:57.4
3304,930,profile_complete,27:57.4
3305,866,comment,27:57.4
3306,127,job_view,27:57.4
3307,970,job_apply,27:57.4
3308,719,comment,27:57.4
3309,867,job_view,27:57.4
3310,658,profile_complete,27:57.4
3311,728,comment,27:57.4
3312,116,post,27:57.4
3313,609,job_view,27:57.4
3314,786,job_view,27:57.4
3315,663,job_apply,27:57.4
3316,151,post,27:57.4
3317,804,comment,27:57.4
3318,821,comment,27:57.4
3319,35,job_view,27:57.4
3320,758,job_view,27:57.4
3321,367,signup,27:57.4
3322,909,job_view,27:57.4
3323,109,job_view,27:57.4
3324,430,post,27:57.4
3325,607,job_view,27:57.4
3326,525,signup,27:57.4
3327,537,post,27:57.4
3328,846,profile_complete,27:57.4
3329,472,job_view,27:57.4
3330,744,comment,27:57.4
3331,285,job_apply,27:57.4
3332,350,job_apply,27:57.4
3333,676,job_view,27:57.4
3334,844,job_apply,27:57.4
3335,243,job_apply,27:57.4
3336,382,job_view,27:57.4
3337,816,signup,27:57.4
3338,644,profile_complete,27:57.4
3339,646,signup,27:57.4
3340,888,job_apply,27:57.4
3341,292,comment,27:57.4
3342,943,comment,27:57.4
3343,719,profile_complete,27:57.4
3344,123,job_apply,27:57.4
3345,340,post,27:57.4
3346,678,profile_complete,27:57.4
3347,440,post,27:57.4
3348,401,profile_complete,27:57.4
3349,291,post,27:57.4
3350,81,job_view,27:57.4
3351,925,comment,27:57.4
3352,5,post,27:57.4
3353,621,profile_complete,27:57.4
3354,444,job_apply,27:57.4
3355,156,post,27:57.4
3356,211,signup,27:57.4
3357,6,profile_complete,27:57.4
3358,253,profile_complete,27:57.4
3359,900,job_apply,27:57.4
3360,394,profile_complete,27:57.4
3361,345,profile_complete,27:57.4
3362,860,job_view,27:57.4
3363,103,comment,27:57.4
3364,629,post,27:57.4
3365,689,comment,27:57.4
3366,46,comment,27:57.4
3367,463,job_apply,27:57.4
3368,993,comment,27:57.4
3369,366,profile_complete,27:57.4
3370,957,job_apply,27:57.4
3371,581,post,27:57.4
3372,759,post,27:57.4
3373,205,job_apply,27:57.4
3374,747,job_view,27:57.4
3375,95,post,27:57.4
3376,753,post,27:57.4
3377,743,comment,27:57.4
3378,674,job_view,27:57.4
3379,437,post,27:57.4
3380,981,comment,27:57.4
3381,130,signup,27:57.4
3382,591,job_view,27:57.4
3383,871,job_apply,27:57.4
3384,621,comment,27:57.4
3385,686,signup,27:57.4
3386,203,job_view,27:57.4
3387,685,comment,27:57.4
3388,54,post,27:57.4
3389,503,comment,27:57.4
3390,579,signup,27:57.4
3391,765,job_view,27:57.4
3392,621,job_view,27:57.4
3393,97,job_view,27:57.4
3394,388,job_apply,27:57.4
3395,927,job_apply,27:57.4
3396,12,signup,27:57.4
3397,482,profile_complete,27:57.4
3398,436,comment,27:57.4
3399,678,job_apply,27:57.4
3400,493,job_apply,27:57.4
3401,815,job_apply,27:57.4
3402,392,comment,27:57.4
3403,926,profile_complete,27:57.4
3404,528,job_apply,27:57.4
3405,233,post,27:57.4
3406,179,signup,27:57.4
3407,247,profile_complete,27:57.4
3408,242,post,27:57.4
3409,180,job_apply,27:57.4
3410,61,profile_complete,27:57.4
3411,786,signup,27:57.4
3412,387,signup,27:57.4
3413,751,post,27:57.4
3414,434,post,27:57.4
3415,395,signup,27:57.4
3416,811,job_apply,27:57.4
3417,375,profile_complete,27:57.4
3418,677,job_apply,27:57.4
3419,331,job_apply,27:57.4
3420,925,job_view,27:57.4
3421,541,signup,27:57.4
3422,163,job_view,27:57.4
3423,222,post,27:57.4
3424,610,job_view,27:57.4
3425,555,post,27:57.4
3426,674,job_apply,27:57.4
3427,749,signup,27:57.4
3428,80,profile_complete,27:57.4
3429,760,profile_complete,27:57.4
3430,664,signup,27:57.4
3431,914,signup,27:57.4
3432,753,post,27:57.4
3433,387,job_view,27:57.4
3434,124,comment,27:57.4
3435,863,signup,27:57.4
3436,212,job_view,27:57.4
3437,720,post,27:57.4
3438,407,post,27:57.4
3439,778,comment,27:57.4
3440,424,post,27:57.4
3441,353,post,27:57.4
3442,804,job_view,27:57.4
3443,743,job_view,27:57.4
3444,227,job_view,27:57.4
3445,640,signup,27:57.4
3446,620,profile_complete,27:57.4
3447,914,comment,27:57.4
3448,293,post,27:57.4
3449,376,comment,27:57.4
3450,345,comment,27:57.4
3451,225,post,27:57.4
3452,490,profile_complete,27:57.4
3453,360,profile_complete,27:57.4
3454,366,job_apply,27:57.4
3455,402,post,27:57.4
3456,575,comment,27:57.4
3457,256,comment,27:57.4
3458,265,post,27:57.4
3459,45,job_view,27:57.4
3460,599,profile_complete,27:57.4
3461,585,job_apply,27:57.4
3462,679,profile_complete,27:57.4
3463,198,comment,27:57.4
3464,350,job_apply,27:57.4
3465,104,job_apply,27:57.4
3466,272,job_apply,27:57.4
3467,647,job_view,27:57.4
3468,985,job_apply,27:57.4
3469,724,job_view,27:57.4
3470,661,signup,27:57.4
3471,816,post,27:57.4
3472,41,profile_complete,27:57.4
3473,891,comment,27:57.4
3474,59,comment,27:57.4
3475,391,post,27:57.4
3476,636,signup,27:57.4
3477,379,job_apply,27:57.4
3478,679,profile_complete,27:57.4
3479,44,signup,27:57.4
3480,173,job_view,27:57.4
3481,101,profile_complete,27:57.4
3482,652,profile_complete,27:57.4
3483,178,signup,27:57.4
3484,145,profile_complete,27:57.4
3485,130,profile_complete,27:57.4
3486,965,post,27:57.4
3487,993,post,27:57.4
3488,555,post,27:57.4
3489,72,job_view,27:57.4
3490,773,job_apply,27:57.4
3491,432,comment,27:57.4
3492,532,job_apply,27:57.4
3493,277,job_view,27:57.4
3494,771,job_view,27:57.4
3495,265,job_apply,27:57.4
3496,797,signup,27:57.4
3497,790,signup,27:57.4
3498,572,profile_complete,27:57.4
3499,761,profile_complete,27:57.4
3500,393,comment,27:57.4
3501,32,post,27:57.4
3502,503,profile_complete,27:57.4
3503,848,signup,27:57.4
3504,937,job_view,27:57.4
3505,988,job_view,27:57.4
3506,749,profile_complete,27:57.4
3507,282,post,27:57.4
3508,593,signup,27:57.4
3509,847,signup,27:57.4
3510,196,comment,27:57.4
3511,15,signup,27:57.4
3512,42,job_view,27:57.4
3513,277,post,27:57.4
3514,115,profile_complete,27:57.4
3515,319,profile_complete,27:57.4
3516,216,job_apply,27:57.4
3517,834,profile_complete,27:57.4
3518,47,profile_complete,27:57.4
3519,509,job_view,27:57.4
3520,124,comment,27:57.4
3521,983,job_apply,27:57.4
3522,246,signup,27:57.4
3523,86,comment,27:57.4
3524,338,job_view,27:57.4
3525,997,job_apply,27:57.4
3526,724,post,27:57.4
3527,398,comment,27:57.4
3528,34,job_apply,27:57.4
3529,122,signup,27:57.4
3530,613,signup,27:57.4
3531,36,signup,27:57.4
3532,919,job_apply,27:57.4
3533,82,signup,27:57.4
3534,100,signup,27:57.4
3535,419,job_apply,27:57.4
3536,761,signup,27:57.4
3537,198,post,27:57.4
3538,467,signup,27:57.4
3539,711,post,27:57.4
3540,564,profile_complete,27:57.4
3541,852,profile_complete,27:57.4
3542,47,comment,27:57.4
3543,430,profile_complete,27:57.4
3544,966,job_apply,27:57.4
3545,964,post,27:57.4
3546,454,signup,27:57.4
3547,903,post,27:57.4
3548,341,profile_complete,27:57.4
3549,509,post,27:57.4
3550,56,comment,27:57.4
3551,268,signup,27:57.4
3552,36,post,27:57.4
3553,67,job_apply,27:57.4
3554,420,profile_complete,27:57.4
3555,757,signup,27:57.4
3556,922,job_view,27:57.4
3557,874,profile_complete,27:57.4
3558,665,comment,27:57.4
3559,688,post,27:57.4
3560,510,profile_complete,27:57.4
3561,85,signup,27:57.4
3562,95,job_view,27:57.4
3563,18,comment,27:57.4
3564,682,signup,27:57.4
3565,32,signup,27:57.4
3566,145,post,27:57.4
3567,25,job_apply,27:57.4
3568,668,profile_complete,27:57.4
3569,138,job_apply,27:57.4
3570,487,post,27:57.4
3571,202,job_view,27:57.4
3572,749,job_apply,27:57.4
3573,386,signup,27:57.4
3574,792,post,27:57.4
3575,922,signup,27:57.4
3576,248,job_apply,27:57.4
3577,293,comment,27:57.4
3578,585,profile_complete,27:57.4
3579,686,comment,27:57.4
3580,949,profile_complete,27:57.4
3581,924,comment,27:57.4
3582,40,signup,27:57.4
3583,355,job_apply,27:57.4
3584,690,post,27:57.4
3585,340,post,27:57.4
3586,211,comment,27:57.4
3587,228,signup,27:57.4
3588,914,post,27:57.4
3589,829,post,27:57.4
3590,556,signup,27:57.4
3591,647,profile_complete,27:57.4
3592,439,post,27:57.4
3593,10,comment,27:57.4
3594,381,post,27:57.4
3595,574,signup,27:57.4
3596,965,signup,27:57.4
3597,56,job_apply,27:57.4
3598,776,profile_complete,27:57.4
3599,385,job_view,27:57.4
3600,61,job_view,27:57.4
3601,998,comment,27:57.4
3602,351,post,27:57.4
3603,54,comment,27:57.4
3604,591,comment,27:57.4
3605,705,post,27:57.4
3606,688,profile_complete,27:57.4
3607,1000,post,27:57.4
3608,803,profile_complete,27:57.4
3609,595,signup,27:57.4
3610,721,signup,27:57.4
3611,693,job_apply,27:57.4
3612,200,post,27:57.4
3613,369,comment,27:57.4
3614,17,comment,27:57.4
3615,10,comment,27:57.4
3616,476,job_apply,27:57.4
3617,6,comment,27:57.4
3618,911,job_view,27:57.4
3619,154,job_view,27:57.4
3620,946,job_apply,27:57.4
3621,333,profile_complete,27:57.4
3622,615,job_apply,27:57.4
3623,241,signup,27:57.4
3624,562,job_apply,27:57.4
3625,442,profile_complete,27:57.4
3626,320,post,27:57.4
3627,177,signup,27:57.4
3628,217,post,27:57.4
3629,279,signup,27:57.4
3630,908,comment,27:57.4
3631,129,profile_complete,27:57.4
3632,547,post,27:57.4
3633,492,comment,27:57.4
3634,378,job_view,27:57.4
3635,679,signup,27:57.4
3636,33,profile_complete,27:57.4
3637,954,job_apply,27:57.4
3638,942,profile_complete,27:57.4
3639,98,post,27:57.4
3640,626,signup,27:57.4
3641,965,profile_complete,27:57.4
3642,430,job_view,27:57.4
3643,914,profile_complete,27:57.4
3644,77,job_view,27:57.4
3645,894,job_view,27:57.4
3646,56,post,27:57.4
3647,170,job_view,27:57.4
3648,439,job_apply,27:57.4
3649,498,job_view,27:57.4
3650,425,comment,27:57.4
3651,598,post,27:57.4
3652,966,comment,27:57.4
3653,962,signup,27:57.4
3654,947,post,27:57.4
3655,703,profile_complete,27:57.4
3656,692,post,27:57.4
3657,148,profile_complete,27:57.4
3658,964,comment,27:57.4
3659,122,profile_complete,27:57.4
3660,191,job_apply,27:57.4
3661,521,job_view,27:57.4
3662,165,job_view,27:57.4
3663,582,profile_complete,27:57.4
3664,453,signup,27:57.4
3665,25,signup,27:57.4
3666,918,job_apply,27:57.4
3667,694,comment,27:57.4
3668,640,job_apply,27:57.4
3669,67,signup,27:57.4
3670,694,job_view,27:57.4
3671,801,job_view,27:57.4
3672,363,profile_complete,27:57.4
3673,217,job_apply,27:57.4
3674,698,job_apply,27:57.4
3675,577,signup,27:57.4
3676,227,post,27:57.4
3677,807,signup,27:57.4
3678,277,profile_complete,27:57.4
3679,627,post,27:57.4
3680,947,comment,27:57.4
3681,80,post,27:57.4
3682,662,signup,27:57.4
3683,663,comment,27:57.4
3684,435,signup,27:57.4
3685,2,comment,27:57.4
3686,523,profile_complete,27:57.4
3687,155,job_view,27:57.4
3688,165,post,27:57.4
3689,57,post,27:57.4
3690,178,comment,27:57.4
3691,806,job_apply,27:57.4
3692,267,signup,27:57.4
3693,968,comment,27:57.4
3694,79,post,27:57.4
3695,783,post,27:57.4
3696,203,post,27:57.4
3697,512,job_view,27:57.4
3698,314,job_view,27:57.4
3699,267,profile_complete,27:57.4
3700,854,post,27:57.4
3701,541,job_apply,27:57.4
3702,360,job_apply,27:57.4
3703,149,comment,27:57.4
3704,324,job_apply,27:57.4
3705,913,comment,27:57.4
3706,82,signup,27:57.4
3707,591,job_apply,27:57.4
3708,559,signup,27:57.4
3709,97,profile_complete,27:57.4
3710,795,profile_complete,27:57.4
3711,777,signup,27:57.4
3712,199,job_view,27:57.4
3713,953,signup,27:57.4
3714,441,job_apply,27:57.4
3715,411,job_view,27:57.4
3716,604,profile_complete,27:57.4
3717,642,comment,27:57.4
3718,917,signup,27:57.4
3719,136,job_view,27:57.4
3720,37,comment,27:57.4
3721,133,comment,27:57.4
3722,962,signup,27:57.4
3723,262,comment,27:57.4
3724,244,post,27:57.4
3725,21,job_view,27:57.4
3726,697,job_apply,27:57.4
3727,165,profile_complete,27:57.4
3728,200,post,27:57.4
3729,236,post,27:57.4
3730,362,job_view,27:57.4
3731,136,comment,27:57.4
3732,511,comment,27:57.4
3733,304,post,27:57.4
3734,706,job_view,27:57.4
3735,10,signup,27:57.4
3736,283,job_apply,27:57.4
3737,251,job_view,27:57.4
3738,814,signup,27:57.4
3739,676,signup,27:57.4
3740,895,comment,27:57.4
3741,26,comment,27:57.4
3742,217,signup,27:57.4
3743,425,comment,27:57.4
3744,695,profile_complete,27:57.4
3745,12,post,27:57.4
3746,484,profile_complete,27:57.4
3747,188,job_apply,27:57.4
3748,867,job_view,27:57.4
3749,486,job_view,27:57.4
3750,967,post,27:57.4
3751,679,profile_complete,27:57.4
3752,98,job_view,27:57.4
3753,560,comment,27:57.4
3754,357,signup,27:57.4
3755,577,signup,27:57.4
3756,981,post,27:57.4
3757,865,job_apply,27:57.4
3758,674,comment,27:57.4
3759,202,job_apply,27:57.4
3760,454,post,27:57.4
3761,513,post,27:57.4
3762,677,job_apply,27:57.4
3763,741,post,27:57.4
3764,711,signup,27:57.4
3765,159,post,27:57.4
3766,976,post,27:57.4
3767,633,signup,27:57.4
3768,600,job_apply,27:57.4
3769,106,job_view,27:57.4
3770,969,post,27:57.4
3771,579,job_apply,27:57.4
3772,964,job_apply,27:57.4
3773,549,signup,27:57.4
3774,265,job_view,27:57.4
3775,747,job_view,27:57.4
3776,184,comment,27:57.4
3777,524,signup,27:57.4
3778,20,profile_complete,27:57.4
3779,31,signup,27:57.4
3780,637,job_apply,27:57.4
3781,357,job_view,27:57.4
3782,129,signup,27:57.4
3783,283,post,27:57.4
3784,800,comment,27:57.4
3785,233,signup,27:57.4
3786,576,job_apply,27:57.4
3787,281,signup,27:57.4
3788,453,profile_complete,27:57.4
3789,1,job_apply,27:57.4
3790,209,job_view,27:57.4
3791,108,job_apply,27:57.4
3792,644,signup,27:57.4
3793,772,job_apply,27:57.4
3794,776,job_apply,27:57.4
3795,338,post,27:57.4
3796,173,profile_complete,27:57.4
3797,889,job_apply,27:57.4
3798,60,signup,27:57.4
3799,661,job_view,27:57.4
3800,60,profile_complete,27:57.4
3801,352,post,27:57.4
3802,46,comment,27:57.4
3803,928,profile_complete,27:57.4
3804,125,job_view,27:57.4
3805,86,post,27:57.4
3806,859,job_apply,27:57.4
3807,634,profile_complete,27:57.4
3808,940,signup,27:57.4
3809,616,signup,27:57.4
3810,670,comment,27:57.4
3811,383,job_view,27:57.4
3812,906,post,27:57.4
3813,112,profile_complete,27:57.4
3814,583,comment,27:57.4
3815,717,comment,27:57.4
3816,804,profile_complete,27:57.4
3817,496,post,27:57.4
3818,783,profile_complete,27:57.4
3819,816,job_view,27:57.4
3820,681,job_view,27:57.4
3821,163,signup,27:57.4
3822,306,post,27:57.4
3823,539,signup,27:57.4
3824,280,job_apply,27:57.4
3825,153,comment,27:57.4
3826,473,comment,27:57.4
3827,508,job_view,27:57.4
3828,250,job_apply,27:57.4
3829,336,post,27:57.4
3830,49,job_view,27:57.4
3831,50,job_apply,27:57.4
3832,471,comment,27:57.4
3833,689,signup,27:57.4
3834,186,job_apply,27:57.4
3835,539,job_view,27:57.4
3836,863,post,27:57.4
3837,269,job_view,27:57.4
3838,905,comment,27:57.4
3839,455,comment,27:57.4
3840,519,job_apply,27:57.4
3841,160,post,27:57.4
3842,96,job_view,27:57.4
3843,942,job_apply,27:57.4
3844,967,job_view,27:57.4
3845,805,profile_complete,27:57.4
3846,870,signup,27:57.4
3847,418,signup,27:57.4
3848,566,post,27:57.4
3849,784,profile_complete,27:57.4
3850,786,comment,27:57.4
3851,135,post,27:57.4
3852,793,job_apply,27:57.4
3853,153,signup,27:57.4
3854,389,signup,27:57.4
3855,410,profile_complete,27:57.4
3856,609,comment,27:57.4
3857,956,profile_complete,27:57.4
3858,162,post,27:57.4
3859,891,comment,27:57.4
3860,950,profile_complete,27:57.4
3861,928,signup,27:57.4
3862,104,job_apply,27:57.4
3863,707,profile_complete,27:57.4
3864,304,signup,27:57.4
3865,157,job_apply,27:57.4
3866,996,signup,27:57.4
3867,31,signup,27:57.4
3868,25,signup,27:57.4
3869,489,comment,27:57.4
3870,263,profile_complete,27:57.4
3871,721,post,27:57.4
3872,337,profile_complete,27:57.4
3873,676,job_apply,27:57.4
3874,984,post,27:57.4
3875,635,job_view,27:57.4
3876,790,job_apply,27:57.4
3877,48,profile_complete,27:57.4
3878,964,job_view,27:57.4
3879,709,post,27:57.4
3880,747,job_view,27:57.4
3881,228,job_apply,27:57.4
3882,624,job_apply,27:57.4
3883,74,post,27:57.4
3884,375,signup,27:57.4
3885,59,profile_complete,27:57.4
3886,564,profile_complete,27:57.4
3887,664,post,27:57.4
3888,278,job_view,27:57.4
3889,221,post,27:57.4
3890,618,comment,27:57.4
3891,515,signup,27:57.4
3892,129,post,27:57.4
3893,194,job_apply,27:57.4
3894,598,job_view,27:57.4
3895,674,profile_complete,27:57.4
3896,264,job_apply,27:57.4
3897,133,job_view,27:57.4
3898,250,job_view,27:57.4
3899,258,post,27:57.4
3900,155,job_view,27:57.4
3901,472,comment,27:57.4
3902,798,job_view,27:57.4
3903,609,post,27:57.4
3904,195,comment,27:57.4
3905,82,profile_complete,27:57.4
3906,29,profile_complete,27:57.4
3907,191,signup,27:57.4
3908,755,profile_complete,27:57.4
3909,831,comment,27:57.4
3910,145,job_view,27:57.4
3911,494,signup,27:57.4
3912,808,job_view,27:57.4
3913,39,comment,27:57.4
3914,825,signup,27:57.4
3915,924,job_view,27:57.4
3916,638,post,27:57.4
3917,267,comment,27:57.4
3918,215,job_apply,27:57.4
3919,805,post,27:57.4
3920,195,job_apply,27:57.4
3921,332,job_apply,27:57.4
3922,873,comment,27:57.4
3923,404,post,27:57.4
3924,544,comment,27:57.4
3925,921,profile_complete,27:57.4
3926,71,job_view,27:57.4
3927,740,post,27:57.4
3928,276,comment,27:57.4
3929,758,job_view,27:57.4
3930,462,job_apply,27:57.4
3931,348,profile_complete,27:57.4
3932,794,comment,27:57.4
3933,465,profile_complete,27:57.4
3934,967,profile_complete,27:57.4
3935,751,comment,27:57.4
3936,1000,comment,27:57.4
3937,473,profile_complete,27:57.4
3938,562,comment,27:57.4
3939,549,job_view,27:57.4
3940,69,job_view,27:57.4
3941,710,profile_complete,27:57.4
3942,683,job_apply,27:57.4
3943,136,job_apply,27:57.4
3944,454,profile_complete,27:57.4
3945,349,job_view,27:57.4
3946,289,signup,27:57.4
3947,145,job_apply,27:57.4
3948,136,job_view,27:57.4
3949,563,signup,27:57.4
3950,296,job_view,27:57.4
3951,952,comment,27:57.4
3952,600,post,27:57.4
3953,218,post,27:57.4
3954,179,comment,27:57.4
3955,233,signup,27:57.4
3956,540,comment,27:57.4
3957,425,comment,27:57.4
3958,375,signup,27:57.4
3959,791,comment,27:57.4
3960,855,profile_complete,27:57.4
3961,517,signup,27:57.4
3962,436,comment,27:57.4
3963,572,post,27:57.4
3964,756,profile_complete,27:57.4
3965,3,profile_complete,27:57.4
3966,481,job_apply,27:57.4
3967,765,post,27:57.4
3968,311,job_apply,27:57.4
3969,276,job_view,27:57.4
3970,634,job_apply,27:57.4
3971,650,comment,27:57.4
3972,685,signup,27:57.4
3973,908,comment,27:57.4
3974,167,comment,27:57.4
3975,152,comment,27:57.4
3976,759,signup,27:57.4
3977,975,signup,27:57.4
3978,35,post,27:57.4
3979,319,post,27:57.4
3980,118,job_apply,27:57.4
3981,464,post,27:57.4
3982,147,post,27:57.4
3983,681,job_view,27:57.4
3984,580,profile_complete,27:57.4
3985,384,job_apply,27:57.4
3986,747,profile_complete,27:57.4
3987,83,job_view,27:57.4
3988,224,post,27:57.4
3989,979,signup,27:57.4
3990,185,job_view,27:57.4
3991,976,signup,27:57.4
3992,552,signup,27:57.4
3993,978,post,27:57.4
3994,249,comment,27:57.4
3995,807,signup,27:57.4
3996,904,job_view,27:57.4
3997,156,signup,27:57.4
3998,151,job_view,27:57.4
3999,915,comment,27:57.4
4000,997,job_view,27:57.4
4001,586,post,27:57.4
4002,59,post,27:57.4
4003,195,signup,27:57.4
4004,336,job_view,27:57.4
4005,585,job_view,27:57.4
4006,509,profile_complete,27:57.4
4007,91,profile_complete,27:57.4
4008,434,job_apply,27:57.4
4009,794,post,27:57.4
4010,509,signup,27:57.4
4011,8,post,27:57.4
4012,345,profile_complete,27:57.4
4013,36,profile_complete,27:57.4
4014,612,job_view,27:57.4
4015,790,comment,27:57.4
4016,232,job_apply,27:57.4
4017,311,job_apply,27:57.4
4018,930,signup,27:57.4
4019,991,signup,27:57.4
4020,99,job_view,27:57.4
4021,770,job_apply,27:57.4
4022,267,job_apply,27:57.4
4023,283,job_view,27:57.4
4024,658,comment,27:57.4
4025,347,comment,27:57.4
4026,336,post,27:57.4
4027,6,signup,27:57.4
4028,728,post,27:57.4
4029,650,post,27:57.4
4030,840,job_view,27:57.4
4031,885,profile_complete,27:57.4
4032,388,post,27:57.4
4033,646,profile_complete,27:57.4
4034,925,job_apply,27:57.4
4035,885,signup,27:57.4
4036,91,comment,27:57.4
4037,601,job_apply,27:57.4
4038,809,comment,27:57.4
4039,450,job_view,27:57.4
4040,278,post,27:57.4
4041,515,comment,27:57.4
4042,897,job_view,27:57.4
4043,679,profile_complete,27:57.4
4044,243,post,27:57.4
4045,530,job_apply,27:57.4
4046,205,comment,27:57.4
4047,328,comment,27:57.4
4048,535,job_apply,27:57.4
4049,292,profile_complete,27:57.4
4050,476,job_view,27:57.4
4051,82,signup,27:57.4
4052,959,comment,27:57.4
4053,276,profile_complete,27:57.4
4054,981,comment,27:57.4
4055,425,post,27:57.4
4056,900,job_apply,27:57.4
4057,107,comment,27:57.4
4058,884,comment,27:57.4
4059,593,post,27:57.4
4060,215,job_view,27:57.4
4061,373,post,27:57.4
4062,815,profile_complete,27:57.4
4063,165,comment,27:57.4
4064,12,profile_complete,27:57.4
4065,516,signup,27:57.4
4066,152,job_view,27:57.4
4067,738,signup,27:57.4
4068,502,post,27:57.4
4069,521,profile_complete,27:57.4
4070,308,signup,27:57.4
4071,716,comment,27:57.4
4072,351,job_apply,27:57.4
4073,277,signup,27:57.4
4074,781,job_apply,27:57.4
4075,739,profile_complete,27:57.4
4076,998,signup,27:57.4
4077,994,post,27:57.4
4078,828,comment,27:57.4
4079,682,job_apply,27:57.4
4080,415,signup,27:57.4
4081,900,comment,27:57.4
4082,461,job_apply,27:57.4
4083,213,signup,27:57.4
4084,528,post,27:57.4
4085,126,job_apply,27:57.4
4086,95,post,27:57.4
4087,499,comment,27:57.4
4088,80,signup,27:57.4
4089,854,signup,27:57.4
4090,432,job_view,27:57.4
4091,419,job_view,27:57.4
4092,356,post,27:57.4
4093,495,job_view,27:57.4
4094,958,post,27:57.4
4095,963,job_view,27:57.4
4096,214,signup,27:57.4
4097,693,job_apply,27:57.4
4098,837,comment,27:57.4
4099,157,signup,27:57.4
4100,482,post,27:57.4
4101,281,profile_complete,27:57.4
4102,137,job_apply,27:57.4
4103,913,job_view,27:57.4
4104,220,comment,27:57.4
4105,150,job_apply,27:57.4
4106,996,signup,27:57.4
4107,673,signup,27:57.4
4108,642,profile_complete,27:57.4
4109,13,comment,27:57.4
4110,673,job_view,27:57.4
4111,833,job_apply,27:57.4
4112,432,job_apply,27:57.4
4113,939,profile_complete,27:57.4
4114,16,job_view,27:57.4
4115,27,post,27:57.4
4116,180,comment,27:57.4
4117,571,signup,27:57.4
4118,598,profile_complete,27:57.4
4119,728,profile_complete,27:57.4
4120,376,post,27:57.4
4121,470,post,27:57.4
4122,711,comment,27:57.4
4123,873,job_view,27:57.4
4124,101,job_view,27:57.4
4125,470,comment,27:57.4
4126,695,comment,27:57.4
4127,188,profile_complete,27:57.4
4128,284,post,27:57.4
4129,494,job_apply,27:57.4
4130,309,job_apply,27:57.4
4131,166,profile_complete,27:57.4
4132,264,post,27:57.4
4133,403,post,27:57.4
4134,511,profile_complete,27:57.4
4135,898,job_apply,27:57.4
4136,473,signup,27:57.4
4137,683,post,27:57.4
4138,153,signup,27:57.4
4139,668,post,27:57.4
4140,937,signup,27:57.4
4141,119,job_view,27:57.4
4142,927,comment,27:57.4
4143,215,comment,27:57.4
4144,742,comment,27:57.4
4145,816,profile_complete,27:57.4
4146,418,profile_complete,27:57.4
4147,767,job_view,27:57.4
4148,595,job_view,27:57.4
4149,188,signup,27:57.4
4150,926,job_view,27:57.4
4151,784,post,27:57.4
4152,159,job_apply,27:57.4
4153,556,signup,27:57.4
4154,153,job_apply,27:57.4
4155,63,post,27:57.4
4156,692,post,27:57.4
4157,418,comment,27:57.4
4158,938,job_apply,27:57.4
4159,176,comment,27:57.4
4160,611,signup,27:57.4
4161,998,post,27:57.4
4162,603,signup,27:57.4
4163,182,job_view,27:57.4
4164,56,comment,27:57.4
4165,898,profile_complete,27:57.4
4166,366,post,27:57.4
4167,176,job_view,27:57.4
4168,896,job_view,27:57.4
4169,669,job_view,27:57.4
4170,896,comment,27:57.4
4171,651,job_view,27:57.4
4172,979,job_view,27:57.4
4173,555,post,27:57.4
4174,293,job_view,27:57.4
4175,300,job_view,27:57.4
4176,97,job_view,27:57.4
4177,947,job_apply,27:57.4
4178,145,job_view,27:57.4
4179,304,job_apply,27:57.4
4180,899,comment,27:57.4
4181,102,signup,27:57.4
4182,947,post,27:57.4
4183,620,profile_complete,27:57.4
4184,457,job_apply,27:57.4
4185,637,profile_complete,27:57.4
4186,868,job_apply,27:57.4
4187,397,job_apply,27:57.4
4188,187,signup,27:57.4
4189,604,signup,27:57.4
4190,391,job_view,27:57.4
4191,491,comment,27:57.4
4192,212,profile_complete,27:57.4
4193,974,job_apply,27:57.4
4194,172,post,27:57.4
4195,249,post,27:57.4
4196,321,job_view,27:57.4
4197,898,post,27:57.4
4198,153,post,27:57.4
4199,696,post,27:57.4
4200,101,post,27:57.4
4201,748,job_view,27:57.4
4202,185,job_apply,27:57.4
4203,312,job_apply,27:57.4
4204,294,profile_complete,27:57.4
4205,353,job_apply,27:57.4
4206,86,profile_complete,27:57.4
4207,73,comment,27:57.4
4208,463,job_apply,27:57.4
4209,707,signup,27:57.4
4210,811,comment,27:57.4
4211,123,profile_complete,27:57.4
4212,627,post,27:57.4
4213,942,comment,27:57.4
4214,925,signup,27:57.4
4215,787,signup,27:57.4
4216,472,comment,27:57.4
4217,210,job_apply,27:57.4
4218,693,signup,27:57.4
4219,931,job_view,27:57.4
4220,704,post,27:57.4
4221,320,job_apply,27:57.4
4222,777,comment,27:57.4
4223,777,post,27:57.4
4224,671,post,27:57.4
4225,856,signup,27:57.4
4226,861,job_view,27:57.4
4227,98,comment,27:57.4
4228,126,signup,27:57.4
4229,596,comment,27:57.4
4230,157,job_apply,27:57.4
4231,987,profile_complete,27:57.4
4232,607,job_apply,27:57.4
4233,974,comment,27:57.4
4234,855,post,27:57.4
4235,183,post,27:57.4
4236,602,comment,27:57.4
4237,443,signup,27:57.4
4238,742,signup,27:57.4
4239,159,job_view,27:57.4
4240,115,job_view,27:57.4
4241,592,profile_complete,27:57.4
4242,506,signup,27:57.4
4243,805,post,27:57.4
4244,218,comment,27:57.4
4245,90,comment,27:57.4
4246,229,profile_complete,27:57.4
4247,889,signup,27:57.4
4248,685,job_apply,27:57.4
4249,601,job_view,27:57.4
4250,698,job_apply,27:57.4
4251,865,signup,27:57.4
4252,314,comment,27:57.4
4253,381,job_apply,27:57.4
4254,117,comment,27:57.4
4255,932,job_apply,27:57.4
4256,789,profile_complete,27:57.4
4257,263,signup,27:57.4
4258,26,job_apply,27:57.4
4259,857,comment,27:57.4
4260,624,profile_complete,27:57.4
4261,951,job_view,27:57.4
4262,33,job_view,27:57.4
4263,183,comment,27:57.4
4264,684,job_apply,27:57.4
4265,404,job_view,27:57.4
4266,693,job_view,27:57.4
4267,753,comment,27:57.4
4268,874,comment,27:57.4
4269,456,job_view,27:57.4
4270,439,comment,27:57.4
4271,867,job_apply,27:57.4
4272,518,post,27:57.4
4273,34,job_apply,27:57.4
4274,570,post,27:57.4
4275,999,post,27:57.4
4276,646,job_apply,27:57.4
4277,421,job_apply,27:57.4
4278,49,post,27:57.4
4279,165,signup,27:57.4
4280,934,profile_complete,27:57.4
4281,686,job_view,27:57.4
4282,520,comment,27:57.4
4283,102,profile_complete,27:57.4
4284,190,comment,27:57.4
4285,331,job_view,27:57.4
4286,659,job_apply,27:57.4
4287,895,comment,27:57.4
4288,289,signup,27:57.4
4289,838,profile_complete,27:57.4
4290,661,job_apply,27:57.4
4291,727,post,27:57.4
4292,526,job_view,27:57.4
4293,361,profile_complete,27:57.4
4294,892,job_view,27:57.4
4295,95,signup,27:57.4
4296,830,signup,27:57.4
4297,88,job_apply,27:57.4
4298,871,comment,27:57.4
4299,716,job_view,27:57.4
4300,948,signup,27:57.4
4301,30,signup,27:57.4
4302,343,signup,27:57.4
4303,355,post,27:57.4
4304,257,comment,27:57.4
4305,131,comment,27:57.4
4306,998,signup,27:57.4
4307,90,profile_complete,27:57.4
4308,192,post,27:57.4
4309,177,job_view,27:57.4
4310,399,profile_complete,27:57.4
4311,852,comment,27:57.4
4312,52,job_apply,27:57.4
4313,536,job_view,27:57.4
4314,88,profile_complete,27:57.4
4315,629,profile_complete,27:57.4
4316,751,job_apply,27:57.4
4317,545,job_view,27:57.4
4318,784,post,27:57.4
4319,114,job_apply,27:57.4
4320,652,signup,27:57.4
4321,690,post,27:57.4
4322,750,post,27:57.4
4323,490,job_view,27:57.4
4324,933,job_view,27:57.4
4325,710,job_view,27:57.4
4326,895,job_apply,27:57.4
4327,506,comment,27:57.4
4328,304,job_apply,27:57.4
4329,668,comment,27:57.4
4330,501,comment,27:57.4
4331,100,profile_complete,27:57.4
4332,862,job_view,27:57.4
4333,773,job_view,27:57.4
4334,923,post,27:57.4
4335,780,post,27:57.4
4336,310,job_view,27:57.4
4337,723,signup,27:57.4
4338,173,signup,27:57.4
4339,293,job_view,27:57.4
4340,65,profile_complete,27:57.4
4341,519,job_apply,27:57.4
4342,651,comment,27:57.4
4343,996,post,27:57.4
4344,806,profile_complete,27:57.4
4345,552,job_apply,27:57.4
4346,265,profile_complete,27:57.4
4347,163,post,27:57.4
4348,503,profile_complete,27:57.4
4349,278,job_view,27:57.4
4350,511,signup,27:57.4
4351,917,job_view,27:57.4
4352,506,post,27:57.4
4353,369,job_view,27:57.4
4354,923,job_view,27:57.4
4355,262,job_apply,27:57.4
4356,247,signup,27:57.4
4357,406,post,27:57.4
4358,598,profile_complete,27:57.4
4359,887,signup,27:57.4
4360,763,job_view,27:57.4
4361,570,job_apply,27:57.4
4362,393,comment,27:57.4
4363,121,job_view,27:57.4
4364,602,signup,27:57.4
4365,724,job_view,27:57.4
4366,151,job_view,27:57.4
4367,617,job_view,27:57.4
4368,12,job_view,27:57.4
4369,642,signup,27:57.4
4370,428,profile_complete,27:57.4
4371,307,job_apply,27:57.4
4372,795,post,27:57.4
4373,202,post,27:57.4
4374,860,profile_complete,27:57.4
4375,762,job_apply,27:57.4
4376,735,job_view,27:57.4
4377,909,profile_complete,27:57.4
4378,310,profile_complete,27:57.4
4379,451,post,27:57.4
4380,568,job_view,27:57.4
4381,651,signup,27:57.4
4382,82,job_view,27:57.4
4383,400,job_apply,27:57.4
4384,130,post,27:57.4
4385,874,post,27:57.4
4386,264,job_view,27:57.4
4387,788,post,27:57.4
4388,394,profile_complete,27:57.4
4389,258,job_view,27:57.4
4390,737,comment,27:57.4
4391,944,comment,27:57.4
4392,892,signup,27:57.4
4393,237,comment,27:57.4
4394,6,profile_complete,27:57.4
4395,966,post,27:57.4
4396,30,profile_complete,27:57.4
4397,972,signup,27:57.4
4398,190,post,27:57.4
4399,894,job_apply,27:57.4
4400,797,job_apply,27:57.4
4401,623,job_apply,27:57.4
4402,569,signup,27:57.4
4403,227,comment,27:57.4
4404,326,job_view,27:57.4
4405,241,comment,27:57.4
4406,669,signup,27:57.4
4407,975,post,27:57.4
4408,220,job_view,27:57.4
4409,432,job_apply,27:57.4
4410,448,job_view,27:57.4
4411,484,comment,27:57.4
4412,629,job_view,27:57.4
4413,358,post,27:57.4
4414,774,post,27:57.4
4415,595,job_view,27:57.4
4416,674,job_apply,27:57.4
4417,88,signup,27:57.4
4418,301,job_apply,27:57.4
4419,861,signup,27:57.4
4420,260,comment,27:57.4
4421,498,job_view,27:57.4
4422,897,signup,27:57.4
4423,566,comment,27:57.4
4424,346,job_apply,27:57.4
4425,4,job_apply,27:57.4
4426,939,profile_complete,27:57.4
4427,603,comment,27:57.4
4428,696,profile_complete,27:57.4
4429,563,post,27:57.4
4430,758,post,27:57.4
4431,203,profile_complete,27:57.4
4432,834,job_view,27:57.4
4433,715,profile_complete,27:57.4
4434,959,post,27:57.4
4435,313,job_view,27:57.4
4436,419,post,27:57.4
4437,449,job_apply,27:57.4
4438,813,job_view,27:57.4
4439,60,job_apply,27:57.4
4440,215,comment,27:57.4
4441,8,comment,27:57.4
4442,964,post,27:57.4
4443,699,post,27:57.4
4444,53,signup,27:57.4
4445,309,comment,27:57.4
4446,442,job_view,27:57.4
4447,377,post,27:57.4
4448,806,comment,27:57.4
4449,95,post,27:57.4
4450,593,job_apply,27:57.4
4451,277,job_apply,27:57.4
4452,279,comment,27:57.4
4453,804,signup,27:57.4
4454,599,comment,27:57.4
4455,319,post,27:57.4
4456,838,post,27:57.4
4457,427,job_view,27:57.4
4458,992,job_apply,27:57.4
4459,656,job_view,27:57.4
4460,441,job_view,27:57.4
4461,149,profile_complete,27:57.4
4462,857,post,27:57.4
4463,581,job_view,27:57.4
4464,839,comment,27:57.4
4465,424,post,27:57.4
4466,969,job_apply,27:57.4
4467,776,post,27:57.4
4468,942,job_view,27:57.4
4469,943,job_apply,27:57.4
4470,442,post,27:57.4
4471,214,job_view,27:57.4
4472,461,signup,27:57.4
4473,570,profile_complete,27:57.4
4474,375,job_apply,27:57.4
4475,165,profile_complete,27:57.4
4476,677,profile_complete,27:57.4
4477,245,comment,27:57.4
4478,301,job_view,27:57.4
4479,109,post,27:57.4
4480,570,job_view,27:57.4
4481,624,profile_complete,27:57.4
4482,388,comment,27:57.4
4483,598,signup,27:57.4
4484,465,comment,27:57.4
4485,120,profile_complete,27:57.4
4486,768,signup,27:57.4
4487,526,job_view,27:57.4
4488,755,comment,27:57.4
4489,829,job_apply,27:57.4
4490,918,job_apply,27:57.4
4491,663,job_view,27:57.4
4492,686,job_apply,27:57.4
4493,634,profile_complete,27:57.4
4494,207,job_apply,27:57.4
4495,955,profile_complete,27:57.4
4496,827,signup,27:57.4
4497,737,post,27:57.4
4498,729,comment,27:57.4
4499,307,signup,27:57.4
4500,696,job_apply,27:57.4
4501,214,post,27:57.4
4502,98,job_view,27:57.4
4503,44,profile_complete,27:57.4
4504,75,post,27:57.4
4505,260,profile_complete,27:57.4
4506,207,job_apply,27:57.4
4507,455,job_view,27:57.4
4508,138,comment,27:57.4
4509,422,job_apply,27:57.4
4510,827,job_view,27:57.4
4511,29,comment,27:57.4
4512,660,job_view,27:57.4
4513,990,profile_complete,27:57.4
4514,729,profile_complete,27:57.4
4515,172,signup,27:57.4
4516,31,comment,27:57.4
4517,508,job_apply,27:57.4
4518,130,comment,27:57.4
4519,657,profile_complete,27:57.4
4520,352,profile_complete,27:57.4
4521,177,profile_complete,27:57.4
4522,242,comment,27:57.4
4523,276,profile_complete,27:57.4
4524,206,job_view,27:57.4
4525,884,post,27:57.4
4526,754,post,27:57.4
4527,394,signup,27:57.4
4528,628,comment,27:57.4
4529,217,profile_complete,27:57.4
4530,692,job_apply,27:57.4
4531,391,job_apply,27:57.4
4532,76,job_view,27:57.4
4533,176,job_apply,27:57.4
4534,270,signup,27:57.4
4535,493,job_view,27:57.4
4536,172,signup,27:57.4
4537,592,job_apply,27:57.4
4538,949,job_apply,27:57.4
4539,64,job_apply,27:57.4
4540,438,profile_complete,27:57.4
4541,9,comment,27:57.4
4542,546,post,27:57.4
4543,198,job_apply,27:57.4
4544,868,job_view,27:57.4
4545,86,job_view,27:57.4
4546,607,post,27:57.4
4547,483,comment,27:57.4
4548,636,job_apply,27:57.4
4549,611,signup,27:57.4
4550,968,post,27:57.4
4551,839,job_apply,27:57.4
4552,979,job_view,27:57.4
4553,14,signup,27:57.4
4554,649,comment,27:57.4
4555,410,profile_complete,27:57.4
4556,338,post,27:57.4
4557,994,profile_complete,27:57.4
4558,401,post,27:57.4
4559,765,job_view,27:57.4
4560,103,job_view,27:57.4
4561,296,job_apply,27:57.4
4562,346,signup,27:57.4
4563,297,signup,27:57.4
4564,410,job_view,27:57.4
4565,31,post,27:57.4
4566,570,job_view,27:57.4
4567,48,job_view,27:57.4
4568,275,comment,27:57.4
4569,445,post,27:57.4
4570,307,post,27:57.4
4571,381,comment,27:57.4
4572,234,profile_complete,27:57.4
4573,76,job_apply,27:57.4
4574,527,signup,27:57.4
4575,969,job_view,27:57.4
4576,844,profile_complete,27:57.4
4577,917,job_apply,27:57.4
4578,166,comment,27:57.4
4579,983,profile_complete,27:57.4
4580,281,profile_complete,27:57.4
4581,323,job_apply,27:57.4
4582,811,job_view,27:57.4
4583,257,job_view,27:57.4
4584,94,profile_complete,27:57.4
4585,836,post,27:57.4
4586,751,comment,27:57.4
4587,998,comment,27:57.4
4588,942,job_apply,27:57.4
4589,266,comment,27:57.4
4590,190,profile_complete,27:57.4
4591,573,comment,27:57.4
4592,543,comment,27:57.4
4593,2,comment,27:57.4
4594,960,signup,27:57.4
4595,1,signup,27:57.4
4596,446,profile_complete,27:57.4
4597,679,comment,27:57.4
4598,764,profile_complete,27:57.4
4599,749,profile_complete,27:57.4
4600,703,job_view,27:57.4
4601,698,post,27:57.4
4602,653,job_apply,27:57.4
4603,836,job_view,27:57.4
4604,958,job_apply,27:57.4
4605,522,post,27:57.4
4606,750,profile_complete,27:57.4
4607,909,job_view,27:57.4
4608,226,profile_complete,27:57.4
4609,993,job_apply,27:57.4
4610,340,comment,27:57.4
4611,602,post,27:57.4
4612,269,signup,27:57.4
4613,479,profile_complete,27:57.4
4614,182,job_apply,27:57.4
4615,142,profile_complete,27:57.4
4616,308,signup,27:57.4
4617,230,profile_complete,27:57.4
4618,409,job_apply,27:57.4
4619,957,profile_complete,27:57.4
4620,816,job_view,27:57.4
4621,965,comment,27:57.4
4622,94,job_view,27:57.4
4623,552,job_apply,27:57.4
4624,821,profile_complete,27:57.4
4625,347,job_view,27:57.4
4626,924,job_apply,27:57.4
4627,802,comment,27:57.4
4628,940,profile_complete,27:57.4
4629,744,signup,27:57.4
4630,798,post,27:57.4
4631,911,post,27:57.4
4632,848,profile_complete,27:57.4
4633,126,job_apply,27:57.4
4634,758,signup,27:57.4
4635,806,job_apply,27:57.4
4636,357,comment,27:57.4
4637,948,profile_complete,27:57.4
4638,260,job_apply,27:57.4
4639,636,signup,27:57.4
4640,205,comment,27:57.4
4641,856,signup,27:57.4
4642,115,profile_complete,27:57.4
4643,67,job_apply,27:57.4
4644,269,job_view,27:57.4
4645,751,profile_complete,27:57.4
4646,431,comment,27:57.4
4647,404,post,27:57.4
4648,777,profile_complete,27:57.4
4649,839,job_apply,27:57.4
4650,310,signup,27:57.4
4651,931,post,27:57.4
4652,188,post,27:57.4
4653,364,profile_complete,27:57.4
4654,36,job_view,27:57.4
4655,22,job_view,27:57.4
4656,179,post,27:57.4
4657,82,post,27:57.4
4658,708,comment,27:57.4
4659,423,job_view,27:57.4
4660,780,profile_complete,27:57.4
4661,574,signup,27:57.4
4662,401,profile_complete,27:57.4
4663,14,job_apply,27:57.4
4664,596,profile_complete,27:57.4
4665,695,profile_complete,27:57.4
4666,943,comment,27:57.4
4667,180,job_view,27:57.4
4668,505,comment,27:57.4
4669,598,post,27:57.4
4670,822,job_apply,27:57.4
4671,357,job_apply,27:57.4
4672,826,post,27:57.4
4673,13,profile_complete,27:57.4
4674,468,comment,27:57.4
4675,957,job_view,27:57.4
4676,786,comment,27:57.4
4677,104,signup,27:57.4
4678,981,signup,27:57.4
4679,571,comment,27:57.4
4680,465,job_view,27:57.4
4681,365,comment,27:57.4
4682,320,job_view,27:57.4
4683,13,job_view,27:57.4
4684,805,job_apply,27:57.4
4685,453,job_apply,27:57.4
4686,401,job_view,27:57.4
4687,408,job_apply,27:57.4
4688,591,comment,27:57.4
4689,558,signup,27:57.4
4690,29,job_apply,27:57.4
4691,199,post,27:57.4
4692,824,signup,27:57.4
4693,718,comment,27:57.4
4694,59,comment,27:57.4
4695,599,comment,27:57.4
4696,139,signup,27:57.4
4697,308,profile_complete,27:57.4
4698,529,job_apply,27:57.4
4699,181,job_apply,27:57.4
4700,597,job_view,27:57.4
4701,199,comment,27:57.4
4702,146,post,27:57.4
4703,663,profile_complete,27:57.4
4704,619,comment,27:57.4
4705,443,job_view,27:57.4
4706,520,job_view,27:57.4
4707,292,profile_complete,27:57.4
4708,674,comment,27:57.4
4709,528,signup,27:57.4
4710,538,job_apply,27:57.4
4711,242,post,27:57.4
4712,438,post,27:57.4
4713,386,profile_complete,27:57.4
4714,715,job_apply,27:57.4
4715,277,comment,27:57.4
4716,424,post,27:57.4
4717,867,comment,27:57.4
4718,848,signup,27:57.4
4719,402,job_view,27:57.4
4720,751,profile_complete,27:57.4
4721,792,job_apply,27:57.4
4722,774,post,27:57.4
4723,655,comment,27:57.4
4724,277,comment,27:57.4
4725,822,signup,27:57.4
4726,885,job_apply,27:57.4
4727,808,profile_complete,27:57.4
4728,193,job_apply,27:57.4
4729,215,job_apply,27:57.4
4730,475,signup,27:57.4
4731,205,job_view,27:57.4
4732,83,profile_complete,27:57.4
4733,959,profile_complete,27:57.4
4734,266,post,27:57.4
4735,455,job_apply,27:57.4
4736,533,job_apply,27:57.4
4737,171,job_apply,27:57.4
4738,498,signup,27:57.4
4739,97,post,27:57.4
4740,176,job_apply,27:57.4
4741,943,post,27:57.4
4742,634,profile_complete,27:57.4
4743,680,comment,27:57.4
4744,68,post,27:57.4
4745,556,profile_complete,27:57.4
4746,144,signup,27:57.4
4747,719,post,27:57.4
4748,900,signup,27:57.4
4749,824,job_apply,27:57.4
4750,969,job_apply,27:57.4
4751,801,comment,27:57.4
4752,31,signup,27:57.4
4753,489,signup,27:57.4
4754,789,signup,27:57.4
4755,150,job_view,27:57.4
4756,14,signup,27:57.4
4757,425,job_view,27:57.4
4758,973,signup,27:57.4
4759,94,job_apply,27:57.4
4760,882,signup,27:57.4
4761,355,comment,27:57.4
4762,188,signup,27:57.4
4763,231,job_apply,27:57.4
4764,435,profile_complete,27:57.4
4765,680,post,27:57.4
4766,56,job_apply,27:57.4
4767,296,job_view,27:57.4
4768,556,post,27:57.4
4769,510,job_apply,27:57.4
4770,655,signup,27:57.4
4771,635,comment,27:57.4
4772,650,comment,27:57.4
4773,605,comment,27:57.4
4774,995,profile_complete,27:57.4
4775,141,job_view,27:57.4
4776,870,signup,27:57.4
4777,877,profile_complete,27:57.4
4778,129,signup,27:57.4
4779,977,job_apply,27:57.4
4780,90,job_apply,27:57.4
4781,230,profile_complete,27:57.4
4782,680,comment,27:57.4
4783,180,profile_complete,27:57.4
4784,202,post,27:57.4
4785,356,signup,27:57.4
4786,836,job_apply,27:57.4
4787,80,signup,27:57.4
4788,960,comment,27:57.4
4789,826,profile_complete,27:57.4
4790,197,post,27:57.4
4791,572,signup,27:57.4
4792,641,job_view,27:57.4
4793,338,signup,27:57.4
4794,863,post,27:57.4
4795,513,signup,27:57.4
4796,789,post,27:57.4
4797,600,job_apply,27:57.4
4798,307,job_view,27:57.4
4799,26,signup,27:57.4
4800,46,profile_complete,27:57.4
4801,23,job_apply,27:57.4
4802,356,comment,27:57.4
4803,650,post,27:57.4
4804,954,post,27:57.4
4805,200,profile_complete,27:57.4
4806,873,job_apply,27:57.4
4807,537,comment,27:57.4
4808,985,profile_complete,27:57.4
4809,478,job_view,27:57.4
4810,896,job_view,27:57.4
4811,93,comment,27:57.4
4812,881,job_apply,27:57.4
4813,392,comment,27:57.4
4814,374,comment,27:57.4
4815,28,post,27:57.4
4816,808,profile_complete,27:57.4
4817,660,profile_complete,27:57.4
4818,355,job_view,27:57.4
4819,291,profile_complete,27:57.4
4820,512,signup,27:57.4
4821,526,job_view,27:57.4
4822,659,comment,27:57.4
4823,174,profile_complete,27:57.4
4824,864,signup,27:57.4
4825,842,comment,27:57.4
4826,83,profile_complete,27:57.4
4827,568,signup,27:57.4
4828,65,signup,27:57.4
4829,374,job_apply,27:57.4
4830,656,post,27:57.4
4831,157,job_apply,27:57.4
4832,112,comment,27:57.4
4833,543,job_view,27:57.4
4834,466,job_apply,27:57.4
4835,673,profile_complete,27:57.4
4836,15,comment,27:57.4
4837,957,job_view,27:57.4
4838,488,signup,27:57.4
4839,375,job_apply,27:57.4
4840,609,comment,27:57.4
4841,529,job_apply,27:57.4
4842,52,signup,27:57.4
4843,978,job_view,27:57.4
4844,295,job_view,27:57.4
4845,221,job_view,27:57.4
4846,310,profile_complete,27:57.4
4847,4,profile_complete,27:57.4
4848,149,job_view,27:57.4
4849,41,signup,27:57.4
4850,17,job_apply,27:57.4
4851,209,comment,27:57.4
4852,869,job_apply,27:57.4
4853,714,job_apply,27:57.4
4854,173,signup,27:57.4
4855,477,profile_complete,27:57.4
4856,540,signup,27:57.4
4857,157,post,27:57.4
4858,284,job_apply,27:57.4
4859,546,signup,27:57.4
4860,678,signup,27:57.4
4861,884,comment,27:57.4
4862,265,signup,27:57.4
4863,463,signup,27:57.4
4864,457,post,27:57.4
4865,779,signup,27:57.4
4866,934,signup,27:57.4
4867,222,profile_complete,27:57.4
4868,286,job_view,27:57.4
4869,373,post,27:57.4
4870,993,comment,27:57.4
4871,710,job_apply,27:57.4
4872,27,job_view,27:57.4
4873,625,job_view,27:57.4
4874,206,profile_complete,27:57.4
4875,903,signup,27:57.4
4876,196,job_apply,27:57.4
4877,565,post,27:57.4
4878,957,post,27:57.4
4879,548,signup,27:57.4
4880,86,job_apply,27:57.4
4881,17,signup,27:57.4
4882,150,job_view,27:57.4
4883,120,profile_complete,27:57.4
4884,283,post,27:57.4
4885,950,job_apply,27:57.4
4886,255,job_apply,27:57.4
4887,463,job_view,27:57.4
4888,408,job_view,27:57.4
4889,729,signup,27:57.4
4890,660,profile_complete,27:57.4
4891,582,profile_complete,27:57.4
4892,213,profile_complete,27:57.4
4893,729,job_apply,27:57.4
4894,879,post,27:57.4
4895,578,post,27:57.4
4896,512,signup,27:57.4
4897,255,job_apply,27:57.4
4898,356,post,27:57.4
4899,782,job_apply,27:57.4
4900,315,post,27:57.4
4901,580,job_apply,27:57.4
4902,655,job_view,27:57.4
4903,828,job_apply,27:57.4
4904,392,comment,27:57.4
4905,934,profile_complete,27:57.4
4906,806,comment,27:57.4
4907,99,comment,27:57.4
4908,457,profile_complete,27:57.4
4909,476,post,27:57.4
4910,275,post,27:57.4
4911,529,job_view,27:57.4
4912,241,signup,27:57.4
4913,657,job_view,27:57.4
4914,689,job_apply,27:57.4
4915,485,comment,27:57.4
4916,709,signup,27:57.4
4917,953,signup,27:57.4
4918,319,profile_complete,27:57.4
4919,126,signup,27:57.4
4920,671,profile_complete,27:57.4
4921,708,post,27:57.4
4922,390,comment,27:57.4
4923,419,profile_complete,27:57.4
4924,862,comment,27:57.4
4925,835,signup,27:57.4
4926,7,post,27:57.4
4927,575,profile_complete,27:57.4
4928,752,job_view,27:57.4
4929,570,post,27:57.4
4930,711,post,27:57.4
4931,661,job_apply,27:57.4
4932,550,job_view,27:57.4
4933,71,profile_complete,27:57.4
4934,557,profile_complete,27:57.4
4935,889,job_apply,27:57.4
4936,999,signup,27:57.4
4937,691,comment,27:57.4
4938,27,job_apply,27:57.4
4939,654,post,27:57.4
4940,741,job_apply,27:57.4
4941,940,job_apply,27:57.4
4942,721,comment,27:57.4
4943,27,signup,27:57.4
4944,908,profile_complete,27:57.4
4945,628,job_apply,27:57.4
4946,308,job_apply,27:57.4
4947,777,comment,27:57.4
4948,420,comment,27:57.4
4949,914,profile_complete,27:57.4
4950,849,job_view,27:57.4
4951,388,signup,27:57.4
4952,886,signup,27:57.4
4953,888,job_apply,27:57.4
4954,107,job_apply,27:57.4
4955,622,post,27:57.4
4956,153,job_view,27:57.4
4957,781,signup,27:57.4
4958,646,profile_complete,27:57.4
4959,662,signup,27:57.4
4960,935,post,27:57.4
4961,174,post,27:57.4
4962,905,post,27:57.4
4963,901,job_view,27:57.4
4964,906,profile_complete,27:57.4
4965,715,post,27:57.4
4966,963,signup,27:57.4
4967,803,job_apply,27:57.4
4968,220,profile_complete,27:57.4
4969,102,post,27:57.4
4970,6,job_apply,27:57.4
4971,374,signup,27:57.4
4972,394,job_apply,27:57.4
4973,443,signup,27:57.4
4974,370,profile_complete,27:57.4
4975,127,job_view,27:57.4
4976,708,signup,27:57.4
4977,655,post,27:57.4
4978,235,job_view,27:57.4
4979,174,comment,27:57.4
4980,42,post,27:57.4
4981,495,post,27:57.4
4982,573,profile_complete,27:57.4
4983,970,job_apply,27:57.4
4984,792,comment,27:57.4
4985,590,post,27:57.4
4986,550,signup,27:57.4
4987,635,comment,27:57.4
4988,358,job_apply,27:57.4
4989,274,signup,27:57.4
4990,598,post,27:57.4
4991,326,signup,27:57.4
4992,760,signup,27:57.4
4993,567,job_apply,27:57.4
4994,459,signup,27:57.4
4995,639,signup,27:57.4
4996,949,signup,27:57.4
4997,687,job_apply,27:57.4
4998,516,comment,27:57.4
4999,83,comment,27:57.4
5000,869,signup,27:57.4
